sequence,phase,native_x_mm,native_y_mm,map_x_mm,map_y_mm,contact,trigger_z_mm,stage_reference_z_mm,height_above_stage_mm,edges
1,COARSE,15.5,210.0,0.0,0.0,False,,28.4,,0
2,COARSE,35.5,210.0,20.0,0.0,False,,28.39147121535181,,0
3,COARSE,55.5,210.0,40.0,0.0,False,,28.382942430703622,,0
4,COARSE,75.5,210.0,60.0,0.0,False,,28.374413646055437,,0
5,COARSE,95.5,210.0,80.0,0.0,False,,28.36588486140725,,0
6,COARSE,115.5,210.0,100.0,0.0,False,,28.35735607675906,,0
7,COARSE,135.5,210.0,120.0,0.0,False,,28.348827292110872,,0
8,COARSE,155.5,210.0,140.0,0.0,False,,28.340298507462688,,0
9,COARSE,175.5,210.0,160.0,0.0,False,,28.3317697228145,,0
10,COARSE,195.5,210.0,180.0,0.0,False,,28.32324093816631,,0
11,COARSE,215.5,210.0,200.0,0.0,False,,28.314712153518123,,0
12,COARSE,235.5,210.0,220.0,0.0,False,,28.306183368869938,,0
13,COARSE,250.0,210.0,234.5,0.0,False,,28.3,,0
14,COARSE,250.0,192.5,234.5,17.5,False,,28.255696202531645,,0
15,COARSE,235.5,192.5,220.0,17.5,False,,28.26270141156784,,0
16,COARSE,215.5,192.5,200.0,17.5,False,,28.27236376885914,,0
17,COARSE,195.5,192.5,180.0,17.5,False,,28.28202612615044,,0
18,COARSE,175.5,192.5,160.0,17.5,False,,28.291688483441742,,0
19,COARSE,155.5,192.5,140.0,17.5,False,,28.301350840733043,,0
20,COARSE,135.5,192.5,120.0,17.5,False,,28.311013198024344,,0
21,COARSE,115.5,192.5,100.0,17.5,False,,28.320675555315646,,0
22,COARSE,95.5,192.5,80.0,17.5,False,,28.330337912606947,,0
23,COARSE,75.5,192.5,60.0,17.5,False,,28.340000269898248,,0
24,COARSE,55.5,192.5,40.0,17.5,False,,28.34966262718955,,0
25,COARSE,35.5,192.5,20.0,17.5,False,,28.35932498448085,,0
26,COARSE,15.5,192.5,0.0,17.5,False,,28.36898734177215,,0
27,COARSE,15.5,172.5,0.0,37.5,False,,28.333544303797467,,0
28,COARSE,35.5,172.5,20.0,37.5,False,,28.322586434914037,,0
29,COARSE,55.5,172.5,40.0,37.5,False,,28.311628566030606,,0
30,COARSE,75.5,172.5,60.0,37.5,False,,28.300670697147176,,0
31,COARSE,95.5,172.5,80.0,37.5,False,,28.289712828263745,,0
32,COARSE,115.5,172.5,100.0,37.5,False,,28.27875495938031,,0
33,COARSE,135.5,172.5,120.0,37.5,False,,28.26779709049688,,0
34,COARSE,155.5,172.5,140.0,37.5,False,,28.256839221613454,,0
35,COARSE,175.5,172.5,160.0,37.5,False,,28.24588135273002,,0
36,COARSE,195.5,172.5,180.0,37.5,False,,28.23492348384659,,0
37,COARSE,215.5,172.5,200.0,37.5,False,,28.22396561496316,,0
38,COARSE,235.5,172.5,220.0,37.5,False,,28.21300774607973,,0
39,COARSE,250.0,172.5,234.5,37.5,False,,28.20506329113924,,0
40,COARSE,250.0,152.5,234.5,57.5,False,,28.154430379746834,,0
41,COARSE,235.5,152.5,220.0,57.5,False,,28.16331408059162,,0
42,COARSE,215.5,152.5,200.0,57.5,False,,28.17556746106718,,0
43,COARSE,195.5,152.5,180.0,57.5,False,,28.187820841542738,,0
44,COARSE,175.5,152.5,160.0,57.5,False,,28.2000742220183,,0
45,COARSE,155.5,152.5,140.0,57.5,False,,28.21232760249386,,0
46,COARSE,135.5,152.5,120.0,57.5,False,,28.22458098296942,,0
47,COARSE,115.5,152.5,100.0,57.5,False,,28.23683436344498,,0
48,COARSE,95.5,152.5,80.0,57.5,False,,28.24908774392054,,0
49,COARSE,75.5,152.5,60.0,57.5,False,,28.261341124396104,,0
50,COARSE,55.5,152.5,40.0,57.5,False,,28.27359450487166,,0
51,COARSE,35.5,152.5,20.0,57.5,False,,28.285847885347223,,0
52,COARSE,15.5,152.5,0.0,57.5,False,,28.298101265822783,,0
53,COARSE,15.5,132.5,0.0,77.5,False,,28.2626582278481,,0
54,COARSE,35.5,132.5,20.0,77.5,False,,28.24910933578041,,0
55,COARSE,55.5,132.5,40.0,77.5,False,,28.235560443712718,,0
56,COARSE,75.5,132.5,60.0,77.5,False,,28.222011551645032,,0
57,COARSE,95.5,132.5,80.0,77.5,False,,28.20846265957734,,0
58,COARSE,115.5,132.5,100.0,77.5,False,,28.19491376750965,,0
59,COARSE,135.5,132.5,120.0,77.5,False,,28.181364875441957,,0
60,COARSE,155.5,132.5,140.0,77.5,False,,28.16781598337427,,0
61,COARSE,175.5,132.5,160.0,77.5,True,39.61,28.15426709130658,11.45573290869342,1
62,COARSE,195.5,132.5,180.0,77.5,True,39.61,28.140718199238886,11.469281800761113,1
63,COARSE,215.5,132.5,200.0,77.5,False,,28.127169307171197,,0
64,COARSE,235.5,132.5,220.0,77.5,False,,28.113620415103508,,0
65,COARSE,250.0,132.5,234.5,77.5,False,,28.103797468354433,,0
66,COARSE,250.0,112.5,234.5,97.5,False,,28.053164556962027,,0
67,COARSE,235.5,112.5,220.0,97.5,False,,28.063926749615398,,0
68,COARSE,215.5,112.5,200.0,97.5,False,,28.078771153275216,,0
69,COARSE,195.5,112.5,180.0,97.5,False,,28.093615556935035,,0
70,COARSE,175.5,112.5,160.0,97.5,False,,28.108459960594857,,0
71,COARSE,155.5,112.5,140.0,97.5,False,,28.12330436425468,,0
72,COARSE,135.5,112.5,120.0,97.5,False,,28.138148767914497,,0
73,COARSE,115.5,112.5,100.0,97.5,False,,28.152993171574316,,0
74,COARSE,95.5,112.5,80.0,97.5,False,,28.167837575234138,,0
75,COARSE,75.5,112.5,60.0,97.5,False,,28.182681978893957,,0
76,COARSE,55.5,112.5,40.0,97.5,False,,28.197526382553775,,0
77,COARSE,35.5,112.5,20.0,97.5,False,,28.212370786213597,,0
78,COARSE,15.5,112.5,0.0,97.5,False,,28.227215189873416,,0
79,COARSE,15.5,92.5,0.0,117.5,False,,28.191772151898736,,0
80,COARSE,35.5,92.5,20.0,117.5,False,,28.175632236646784,,0
81,COARSE,55.5,92.5,40.0,117.5,False,,28.159492321394833,,0
82,COARSE,75.5,92.5,60.0,117.5,True,38.61,28.143352406142885,10.466647593857115,1
83,COARSE,95.5,92.5,80.0,117.5,False,,28.127212490890933,,0
84,COARSE,115.5,92.5,100.0,117.5,False,,28.111072575638985,,0
85,COARSE,135.5,92.5,120.0,117.5,False,,28.094932660387034,,0
86,COARSE,155.5,92.5,140.0,117.5,False,,28.078792745135086,,0
87,COARSE,175.5,92.5,160.0,117.5,False,,28.062652829883135,,0
88,COARSE,195.5,92.5,180.0,117.5,False,,28.046512914631187,,0
89,COARSE,215.5,92.5,200.0,117.5,False,,28.030372999379235,,0
90,COARSE,235.5,92.5,220.0,117.5,False,,28.014233084127287,,0
91,COARSE,250.0,92.5,234.5,117.5,False,,28.002531645569622,,0
92,COARSE,250.0,72.5,234.5,137.5,False,,27.951898734177217,,0
93,COARSE,235.5,72.5,220.0,137.5,False,,27.964539418639173,,0
94,COARSE,215.5,72.5,200.0,137.5,False,,27.981974845483254,,0
95,COARSE,195.5,72.5,180.0,137.5,False,,27.999410272327335,,0
96,COARSE,175.5,72.5,160.0,137.5,False,,28.016845699171412,,0
97,COARSE,155.5,72.5,140.0,137.5,False,,28.034281126015493,,0
98,COARSE,135.5,72.5,120.0,137.5,False,,28.051716552859574,,0
99,COARSE,115.5,72.5,100.0,137.5,False,,28.06915197970365,,0
100,COARSE,95.5,72.5,80.0,137.5,False,,28.086587406547732,,0
101,COARSE,75.5,72.5,60.0,137.5,True,38.11,28.104022833391813,10.005977166608186,1
102,COARSE,55.5,72.5,40.0,137.5,False,,28.12145826023589,,0
103,COARSE,35.5,72.5,20.0,137.5,False,,28.13889368707997,,0
104,COARSE,15.5,72.5,0.0,137.5,False,,28.156329113924052,,0
105,COARSE,15.5,52.5,0.0,157.5,False,,28.120886075949368,,0
106,COARSE,35.5,52.5,20.0,157.5,False,,28.102155137513158,,0
107,COARSE,55.5,52.5,40.0,157.5,False,,28.083424199076948,,0
108,COARSE,75.5,52.5,60.0,157.5,False,,28.06469326064074,,0
109,COARSE,95.5,52.5,80.0,157.5,False,,28.04596232220453,,0
110,COARSE,115.5,52.5,100.0,157.5,False,,28.02723138376832,,0
111,COARSE,135.5,52.5,120.0,157.5,False,,28.00850044533211,,0
112,COARSE,155.5,52.5,140.0,157.5,False,,27.9897695068959,,0
113,COARSE,175.5,52.5,160.0,157.5,False,,27.971038568459694,,0
114,COARSE,195.5,52.5,180.0,157.5,False,,27.952307630023483,,0
115,COARSE,215.5,52.5,200.0,157.5,False,,27.933576691587273,,0
116,COARSE,235.5,52.5,220.0,157.5,False,,27.914845753151063,,0
117,COARSE,250.0,52.5,234.5,157.5,False,,27.90126582278481,,0
118,COARSE,250.0,32.5,234.5,177.5,False,,27.850632911392406,,0
119,COARSE,235.5,32.5,220.0,177.5,False,,27.865152087662953,,0
120,COARSE,215.5,32.5,200.0,177.5,False,,27.885178537691292,,0
121,COARSE,195.5,32.5,180.0,177.5,False,,27.90520498771963,,0
122,COARSE,175.5,32.5,160.0,177.5,False,,27.92523143774797,,0
123,COARSE,155.5,32.5,140.0,177.5,False,,27.94525788777631,,0
124,COARSE,135.5,32.5,120.0,177.5,False,,27.96528433780465,,0
125,COARSE,115.5,32.5,100.0,177.5,False,,27.985310787832987,,0
126,COARSE,95.5,32.5,80.0,177.5,False,,28.005337237861326,,0
127,COARSE,75.5,32.5,60.0,177.5,False,,28.025363687889666,,0
128,COARSE,55.5,32.5,40.0,177.5,False,,28.045390137918005,,0
129,COARSE,35.5,32.5,20.0,177.5,False,,28.065416587946345,,0
130,COARSE,15.5,32.5,0.0,177.5,False,,28.085443037974684,,0
131,COARSE,15.5,12.5,0.0,197.5,False,,28.05,,0
132,COARSE,35.5,12.5,20.0,197.5,False,,28.02867803837953,,0
133,COARSE,55.5,12.5,40.0,197.5,False,,28.007356076759063,,0
134,COARSE,75.5,12.5,60.0,197.5,False,,27.986034115138594,,0
135,COARSE,95.5,12.5,80.0,197.5,False,,27.964712153518125,,0
136,COARSE,115.5,12.5,100.0,197.5,False,,27.943390191897656,,0
137,COARSE,135.5,12.5,120.0,197.5,False,,27.922068230277187,,0
138,COARSE,155.5,12.5,140.0,197.5,False,,27.900746268656718,,0
139,COARSE,175.5,12.5,160.0,197.5,False,,27.87942430703625,,0
140,COARSE,195.5,12.5,180.0,197.5,False,,27.85810234541578,,0
141,COARSE,215.5,12.5,200.0,197.5,False,,27.83678038379531,,0
142,COARSE,235.5,12.5,220.0,197.5,False,,27.815458422174842,,0
143,COARSE,250.0,12.5,234.5,197.5,False,,27.8,,0
144,MAGNET_1,58.0,65.0,42.5,145.0,False,,28.104955331839896,,0
145,MAGNET_1,63.0,65.0,47.5,145.0,False,,28.100475020917116,,0
146,MAGNET_1,68.0,65.0,52.5,145.0,False,,28.095994709994333,,0
147,MAGNET_1,73.0,65.0,57.5,145.0,False,,28.09151439907155,,0
148,MAGNET_1,78.0,65.0,62.5,145.0,False,,28.08703408814877,,0
149,MAGNET_1,83.0,65.0,67.5,145.0,False,,28.082553777225986,,0
150,MAGNET_1,88.0,65.0,72.5,145.0,False,,28.078073466303206,,0
151,MAGNET_1,93.0,65.0,77.5,145.0,False,,28.073593155380422,,0
152,MAGNET_1,93.0,70.0,77.5,140.0,False,,28.08370894172897,,0
153,MAGNET_1,88.0,70.0,72.5,140.0,False,,28.08810828317724,,0
154,MAGNET_1,83.0,70.0,67.5,140.0,False,,28.09250762462552,,0
155,MAGNET_1,78.0,70.0,62.5,140.0,False,,28.096906966073792,,0
156,MAGNET_1,73.0,70.0,57.5,140.0,False,,28.101306307522062,,0
157,MAGNET_1,68.0,70.0,52.5,140.0,False,,28.10570564897034,,0
158,MAGNET_1,63.0,70.0,47.5,140.0,False,,28.110104990418613,,0
159,MAGNET_1,58.0,70.0,42.5,140.0,False,,28.114504331866886,,0
160,MAGNET_1,58.0,75.0,42.5,135.0,False,,28.124053331893876,,0
161,MAGNET_1,63.0,75.0,47.5,135.0,False,,28.11973495992011,,0
162,MAGNET_1,68.0,75.0,52.5,135.0,False,,28.115416587946346,,0
163,MAGNET_1,73.0,75.0,57.5,135.0,True,38.61,28.11109821597258,10.49890178402742,1
164,MAGNET_1,78.0,75.0,62.5,135.0,True,38.61,28.10677984399881,10.503220156001188,1
165,MAGNET_1,83.0,75.0,67.5,135.0,True,38.61,28.10246147202505,10.507538527974951,1
166,MAGNET_1,88.0,75.0,72.5,135.0,True,38.11,28.09814310005128,10.011856899948718,2
167,MAGNET_1,93.0,75.0,77.5,135.0,False,,28.093824728077514,,0
168,MAGNET_1,93.0,80.0,77.5,130.0,False,,28.10394051442606,,0
169,MAGNET_1,88.0,80.0,72.5,130.0,True,38.61,28.10817791692532,10.501822083074678,1
170,MAGNET_1,83.0,80.0,67.5,130.0,True,38.61,28.112415319424578,10.497584680575422,1
171,MAGNET_1,78.0,80.0,62.5,130.0,True,38.61,28.116652721923835,10.493347278076165,1
172,MAGNET_1,73.0,80.0,57.5,130.0,True,38.61,28.12089012442309,10.489109875576908,1
173,MAGNET_1,68.0,80.0,52.5,130.0,True,38.61,28.125127526922352,10.484872473077647,1
174,MAGNET_1,63.0,80.0,47.5,130.0,False,,28.12936492942161,,0
175,MAGNET_1,58.0,80.0,42.5,130.0,False,,28.133602331920866,,0
176,MAGNET_1,58.0,85.0,42.5,125.0,False,,28.143151331947855,,0
177,MAGNET_1,63.0,85.0,47.5,125.0,False,,28.138994898923105,,0
178,MAGNET_1,68.0,85.0,52.5,125.0,True,38.61,28.13483846589836,10.475161534101641,1
179,MAGNET_1,73.0,85.0,57.5,125.0,True,38.61,28.130682032873604,10.479317967126395,1
180,MAGNET_1,78.0,85.0,62.5,125.0,True,38.61,28.126525599848858,10.483474400151142,1
181,MAGNET_1,83.0,85.0,67.5,125.0,True,38.61,28.122369166824107,10.487630833175892,1
182,MAGNET_1,88.0,85.0,72.5,125.0,True,38.61,28.118212733799357,10.491787266200642,1
183,MAGNET_1,93.0,85.0,77.5,125.0,True,38.11,28.114056300774607,9.995943699225393,1
184,MAGNET_1,93.0,90.0,77.5,120.0,True,38.11,28.124172087123153,9.985827912876847,1
185,MAGNET_1,88.0,90.0,72.5,120.0,True,38.61,28.128247550673397,10.481752449326603,1
186,MAGNET_1,83.0,90.0,67.5,120.0,True,38.61,28.13232301422364,10.477676985776359,1
187,MAGNET_1,78.0,90.0,62.5,120.0,True,38.61,28.13639847777388,10.473601522226119,1
188,MAGNET_1,73.0,90.0,57.5,120.0,True,38.61,28.14047394132412,10.469526058675878,1
189,MAGNET_1,68.0,90.0,52.5,120.0,True,38.61,28.14454940487436,10.465450595125638,1
190,MAGNET_1,63.0,90.0,47.5,120.0,False,,28.148624868424605,,0
191,MAGNET_1,58.0,90.0,42.5,120.0,False,,28.152700331974845,,0
192,MAGNET_1,58.0,95.0,42.5,115.0,False,,28.162249332001835,,0
193,MAGNET_1,63.0,95.0,47.5,115.0,False,,28.1582548379261,,0
194,MAGNET_1,68.0,95.0,52.5,115.0,True,38.61,28.154260343850368,10.455739656149632,1
195,MAGNET_1,73.0,95.0,57.5,115.0,True,38.61,28.150265849774634,10.459734150225366,1
196,MAGNET_1,78.0,95.0,62.5,115.0,True,38.61,28.146271355698904,10.463728644301096,1
197,MAGNET_1,83.0,95.0,67.5,115.0,True,38.61,28.14227686162317,10.46772313837683,1
198,MAGNET_1,88.0,95.0,72.5,115.0,True,38.61,28.138282367547436,10.471717632452563,1
199,MAGNET_1,93.0,95.0,77.5,115.0,False,,28.1342878734717,,0
200,MAGNET_1,93.0,100.0,77.5,110.0,False,,28.144403659820245,,0
201,MAGNET_1,88.0,100.0,72.5,110.0,False,,28.148317184421472,,0
202,MAGNET_1,83.0,100.0,67.5,110.0,True,38.61,28.1522307090227,10.4577692909773,1
203,MAGNET_1,78.0,100.0,62.5,110.0,True,38.61,28.156144233623923,10.453855766376076,1
204,MAGNET_1,73.0,100.0,57.5,110.0,True,38.61,28.160057758225147,10.449942241774853,1
205,MAGNET_1,68.0,100.0,52.5,110.0,False,,28.163971282826374,,0
206,MAGNET_1,63.0,100.0,47.5,110.0,False,,28.1678848074276,,0
207,MAGNET_1,58.0,100.0,42.5,110.0,False,,28.171798332028825,,0
208,MAGNET_2,168.0,115.0,152.5,95.0,False,,28.119691776200373,,0
209,MAGNET_2,173.0,115.0,157.5,95.0,False,,28.116021160022672,,0
210,MAGNET_2,178.0,115.0,162.5,95.0,False,,28.112350543844972,,0
211,MAGNET_2,183.0,115.0,167.5,95.0,False,,28.10867992766727,,0
212,MAGNET_2,188.0,115.0,172.5,95.0,False,,28.105009311489567,,0
213,MAGNET_2,193.0,115.0,177.5,95.0,False,,28.101338695311867,,0
214,MAGNET_2,198.0,115.0,182.5,95.0,False,,28.097668079134166,,0
215,MAGNET_2,203.0,115.0,187.5,95.0,False,,28.093997462956466,,0
216,MAGNET_2,203.0,120.0,187.5,90.0,False,,28.10589457774419,,0
217,MAGNET_2,198.0,120.0,182.5,90.0,False,,28.109484224447385,,0
218,MAGNET_2,193.0,120.0,177.5,90.0,False,,28.113073871150576,,0
219,MAGNET_2,188.0,120.0,172.5,90.0,True,38.61,28.11666351785377,10.49333648214623,1
220,MAGNET_2,183.0,120.0,167.5,90.0,True,38.61,28.120253164556964,10.489746835443036,1
221,MAGNET_2,178.0,120.0,162.5,90.0,False,,28.123842811260154,,0
222,MAGNET_2,173.0,120.0,157.5,90.0,False,,28.127432457963348,,0
223,MAGNET_2,168.0,120.0,152.5,90.0,False,,28.131022104666542,,0
224,MAGNET_2,168.0,125.0,152.5,85.0,False,,28.14235243313271,,0
225,MAGNET_2,173.0,125.0,157.5,85.0,True,38.61,28.138843755904023,10.471156244095976,1
226,MAGNET_2,178.0,125.0,162.5,85.0,True,39.61,28.13533507867534,11.47466492132466,1
227,MAGNET_2,183.0,125.0,167.5,85.0,True,39.61,28.131826401446656,11.478173598553344,1
228,MAGNET_2,188.0,125.0,172.5,85.0,True,39.61,28.128317724217972,11.481682275782028,1
229,MAGNET_2,193.0,125.0,177.5,85.0,True,39.61,28.124809046989284,11.485190953010715,1
230,MAGNET_2,198.0,125.0,182.5,85.0,False,,28.1213003697606,,0
231,MAGNET_2,203.0,125.0,187.5,85.0,False,,28.117791692531917,,0
232,MAGNET_2,203.0,130.0,187.5,80.0,False,,28.129688807319642,,0
233,MAGNET_2,198.0,130.0,182.5,80.0,True,38.61,28.133116515073816,10.476883484926184,1
234,MAGNET_2,193.0,130.0,177.5,80.0,True,39.61,28.136544222827993,11.473455777172006,1
235,MAGNET_2,188.0,130.0,172.5,80.0,True,39.61,28.13997193058217,11.470028069417829,1
236,MAGNET_2,183.0,130.0,167.5,80.0,True,39.61,28.143399638336348,11.466600361663652,1
237,MAGNET_2,178.0,130.0,162.5,80.0,True,39.61,28.146827346090525,11.463172653909474,1
238,MAGNET_2,173.0,130.0,157.5,80.0,True,39.61,28.1502550538447,11.4597449461553,1
239,MAGNET_2,168.0,130.0,152.5,80.0,False,,28.153682761598876,,0
240,MAGNET_2,168.0,135.0,152.5,75.0,False,,28.165013090065045,,0
241,MAGNET_2,173.0,135.0,157.5,75.0,True,39.61,28.161666351785378,11.448333648214621,1
242,MAGNET_2,178.0,135.0,162.5,75.0,True,39.61,28.15831961350571,11.451680386494289,1
243,MAGNET_2,183.0,135.0,167.5,75.0,True,39.61,28.15497287522604,11.45502712477396,1
244,MAGNET_2,188.0,135.0,172.5,75.0,True,39.61,28.151626136946373,11.458373863053627,1
245,MAGNET_2,193.0,135.0,177.5,75.0,True,39.61,28.148279398666702,11.461720601333298,1
246,MAGNET_2,198.0,135.0,182.5,75.0,True,39.11,28.144932660387035,10.965067339612965,1
247,MAGNET_2,203.0,135.0,187.5,75.0,False,,28.141585922107367,,0
248,MAGNET_2,203.0,140.0,187.5,70.0,False,,28.153483036895093,,0
249,MAGNET_2,198.0,140.0,182.5,70.0,True,38.61,28.15674880570025,10.45325119429975,1
250,MAGNET_2,193.0,140.0,177.5,70.0,True,39.61,28.16001457450541,11.449985425494589,1
251,MAGNET_2,188.0,140.0,172.5,70.0,True,39.61,28.16328034331057,11.446719656689428,1
252,MAGNET_2,183.0,140.0,167.5,70.0,True,39.61,28.166546112115732,11.443453887884267,1
253,MAGNET_2,178.0,140.0,162.5,70.0,True,39.61,28.169811880920893,11.440188119079107,1
254,MAGNET_2,173.0,140.0,157.5,70.0,True,39.61,28.173077649726054,11.436922350273946,1
255,MAGNET_2,168.0,140.0,152.5,70.0,False,,28.176343418531214,,0
256,MAGNET_2,168.0,145.0,152.5,65.0,False,,28.187673746997383,,0
257,MAGNET_2,173.0,145.0,157.5,65.0,False,,28.18448894766673,,0
258,MAGNET_2,178.0,145.0,162.5,65.0,True,39.61,28.18130414833608,11.428695851663921,1
259,MAGNET_2,183.0,145.0,167.5,65.0,True,39.61,28.178119349005428,11.431880650994572,1
260,MAGNET_2,188.0,145.0,172.5,65.0,True,39.61,28.174934549674774,11.435065450325226,1
261,MAGNET_2,193.0,145.0,177.5,65.0,True,39.11,28.17174975034412,10.93825024965588,1
262,MAGNET_2,198.0,145.0,182.5,65.0,False,,28.16856495101347,,0
263,MAGNET_2,203.0,145.0,187.5,65.0,False,,28.165380151682815,,0
264,MAGNET_2,203.0,150.0,187.5,60.0,False,,28.17727726647054,,0
265,MAGNET_2,198.0,150.0,182.5,60.0,False,,28.180381096326684,,0
266,MAGNET_2,193.0,150.0,177.5,60.0,False,,28.183484926182828,,0
267,MAGNET_2,188.0,150.0,172.5,60.0,False,,28.186588756038972,,0
268,MAGNET_2,183.0,150.0,167.5,60.0,False,,28.18969258589512,,0
269,MAGNET_2,178.0,150.0,162.5,60.0,False,,28.192796415751264,,0
270,MAGNET_2,173.0,150.0,157.5,60.0,False,,28.195900245607405,,0
271,MAGNET_2,168.0,150.0,152.5,60.0,False,,28.199004075463552,,0
