sample_index,timestamp_utc,timestamp_monotonic,x_mm,y_mm,z_mm,trigger_raw,trigger_latched,probe_signal_raw,probe_signal_unit,xy_position_uncertainty_mm,z_position_uncertainty_mm,probe_trigger_repeatability_mm
0,2026-09-12T13:43:25.383818+00:00,10945.337320832,20.0,20.0,120.05950305567303,False,False,0.0595030556730336,mm,0.01,0.0025,0.005
1,2026-09-12T13:43:25.383997+00:00,10945.337499905,21.0,20.0,120.05981126310463,False,False,0.059811263104634804,mm,0.01,0.0025,0.005
2,2026-09-12T13:43:25.384150+00:00,10945.337653523,22.0,20.0,120.05878819391238,False,False,0.05878819391237755,mm,0.01,0.0025,0.005
3,2026-09-12T13:43:25.384301+00:00,10945.337803956,23.0,20.0,120.0581985630274,False,False,0.05819856302740334,mm,0.01,0.0025,0.005
4,2026-09-12T13:43:25.384461+00:00,10945.337963845,24.0,20.0,120.05971237827468,False,False,0.05971237827468201,mm,0.01,0.0025,0.005
5,2026-09-12T13:43:25.384613+00:00,10945.338116583,25.0,20.0,120.06017498777635,False,False,0.06017498777634955,mm,0.01,0.0025,0.005
6,2026-09-12T13:43:25.384802+00:00,10945.338305001,26.0,20.0,120.06054198050619,False,False,0.06054198050618709,mm,0.01,0.0025,0.005
7,2026-09-12T13:43:25.384957+00:00,10945.338460362,27.0,20.0,120.06317267768512,False,False,0.0631726776851167,mm,0.01,0.0025,0.005
8,2026-09-12T13:43:25.384989+00:00,10945.338492714,28.0,20.0,120.06514784221439,False,False,0.06514784221438674,mm,0.01,0.0025,0.005
9,2026-09-12T13:43:25.385023+00:00,10945.338526027,29.0,20.0,120.06653781544063,False,False,0.06653781544062554,mm,0.01,0.0025,0.005
10,2026-09-12T13:43:25.385057+00:00,10945.338560059,30.0,20.0,120.0902032898048,False,False,0.09020328980480485,mm,0.01,0.0025,0.005
11,2026-09-12T13:43:25.385088+00:00,10945.338591019,31.0,20.0,120.09369298774104,False,False,0.0936929877410364,mm,0.01,0.0025,0.005
12,2026-09-12T13:43:25.385123+00:00,10945.338625835,32.0,20.0,120.09618639961741,False,False,0.09618639961740882,mm,0.01,0.0025,0.005
13,2026-09-12T13:43:25.385155+00:00,10945.338658316,33.0,20.0,120.1008177079752,False,False,0.10081770797519596,mm,0.01,0.0025,0.005
14,2026-09-12T13:43:25.385187+00:00,10945.338690668,34.0,20.0,120.10579886214687,False,False,0.10579886214686951,mm,0.01,0.0025,0.005
15,2026-09-12T13:43:25.385219+00:00,10945.338722476,35.0,20.0,120.1094838628489,False,False,0.10948386284890432,mm,0.01,0.0025,0.005
16,2026-09-12T13:43:25.385253+00:00,10945.338755741,36.0,20.0,120.11503071553844,False,False,0.11503071553843824,mm,0.01,0.0025,0.005
17,2026-09-12T13:43:25.385286+00:00,10945.338789149,37.0,20.0,120.1214570315374,False,False,0.12145703153740328,mm,0.01,0.0025,0.005
18,2026-09-12T13:43:25.385318+00:00,10945.338821165,38.0,20.0,120.12642244126997,False,False,0.12642244126996616,mm,0.01,0.0025,0.005
19,2026-09-12T13:43:25.385352+00:00,10945.33885507,39.0,20.0,120.13285720820484,False,False,0.1328572082048396,mm,0.01,0.0025,0.005
20,2026-09-12T13:43:25.385384+00:00,10945.33888771,40.0,20.0,120.14066286217235,False,False,0.14066286217234847,mm,0.01,0.0025,0.005
21,2026-09-12T13:43:25.385418+00:00,10945.338921198,20.0,21.0,120.0563019656778,False,False,0.05630196567780388,mm,0.01,0.0025,0.005
22,2026-09-12T13:43:25.385450+00:00,10945.33895355,21.0,21.0,120.05616659516004,False,False,0.05616659516003608,mm,0.01,0.0025,0.005
23,2026-09-12T13:43:25.385483+00:00,10945.338986399,22.0,21.0,120.0553929194899,False,False,0.0553929194899041,mm,0.01,0.0025,0.005
24,2026-09-12T13:43:25.385517+00:00,10945.339020351,23.0,21.0,120.05503929790372,False,False,0.05503929790371842,mm,0.01,0.0025,0.005
25,2026-09-12T13:43:25.385552+00:00,10945.339055087,24.0,21.0,120.0561072905827,False,False,0.05610729058270181,mm,0.01,0.0025,0.005
26,2026-09-12T13:43:25.385589+00:00,10945.339091728,25.0,21.0,120.0567049460885,False,False,0.05670494608850163,mm,0.01,0.0025,0.005
27,2026-09-12T13:43:25.385621+00:00,10945.339124736,26.0,21.0,120.05740536345182,False,False,0.05740536345182079,mm,0.01,0.0025,0.005
28,2026-09-12T13:43:25.385656+00:00,10945.339158848,27.0,21.0,120.05962350741372,False,False,0.05962350741371836,mm,0.01,0.0025,0.005
29,2026-09-12T13:43:25.385688+00:00,10945.339191425,28.0,21.0,120.06160861274185,False,False,0.06160861274184981,mm,0.01,0.0025,0.005
30,2026-09-12T13:43:25.385719+00:00,10945.339222609,29.0,21.0,120.06340286552111,False,False,0.06340286552111252,mm,0.01,0.0025,0.005
31,2026-09-12T13:43:25.385751+00:00,10945.339254641,30.0,21.0,120.08672191977229,False,False,0.08672191977228749,mm,0.01,0.0025,0.005
32,2026-09-12T13:43:25.385783+00:00,10945.339286193,31.0,21.0,120.09009566142379,False,False,0.09009566142378844,mm,0.01,0.0025,0.005
33,2026-09-12T13:43:25.385815+00:00,10945.339318674,32.0,21.0,120.09303200309532,False,False,0.0930320030953169,mm,0.01,0.0025,0.005
34,2026-09-12T13:43:25.385848+00:00,10945.339351522,33.0,21.0,120.0974106200717,False,False,0.09741062007169887,mm,0.01,0.0025,0.005
35,2026-09-12T13:43:25.385880+00:00,10945.339382882,34.0,21.0,120.10215915788619,False,False,0.10215915788619157,mm,0.01,0.0025,0.005
36,2026-09-12T13:43:25.385912+00:00,10945.339414771,35.0,21.0,120.10629045509197,False,False,0.10629045509196544,mm,0.01,0.0025,0.005
37,2026-09-12T13:43:25.385944+00:00,10945.339447267,36.0,21.0,120.1116984743823,False,False,0.11169847438229397,mm,0.01,0.0025,0.005
38,2026-09-12T13:43:25.385975+00:00,10945.339478451,37.0,21.0,120.1177940440373,False,False,0.11779404403729643,mm,0.01,0.0025,0.005
39,2026-09-12T13:43:25.386007+00:00,10945.3395101,38.0,21.0,120.12317356525854,False,False,0.12317356525853995,mm,0.01,0.0025,0.005
40,2026-09-12T13:43:25.386039+00:00,10945.339542004,39.0,21.0,120.12959441616539,False,False,0.12959441616538925,mm,0.01,0.0025,0.005
41,2026-09-12T13:43:25.386072+00:00,10945.33957554,40.0,21.0,120.1369975408663,False,False,0.13699754086630378,mm,0.01,0.0025,0.005
42,2026-09-12T13:43:25.386104+00:00,10945.339607556,20.0,22.0,120.05414499640769,False,False,0.05414499640768611,mm,0.01,0.0025,0.005
43,2026-09-12T13:43:25.386137+00:00,10945.339639877,21.0,22.0,120.05168362206308,False,False,0.05168362206308075,mm,0.01,0.0025,0.005
44,2026-09-12T13:43:25.386167+00:00,10945.339670709,22.0,22.0,120.05221769915137,False,False,0.05221769915137031,mm,0.01,0.0025,0.005
45,2026-09-12T13:43:25.386199+00:00,10945.339702037,23.0,22.0,120.05310164704521,False,False,0.05310164704521014,mm,0.01,0.0025,0.005
46,2026-09-12T13:43:25.386232+00:00,10945.339735334,24.0,22.0,120.05183186571753,False,False,0.0518318657175314,mm,0.01,0.0025,0.005
47,2026-09-12T13:43:25.386263+00:00,10945.339766614,25.0,22.0,120.05313766625817,False,False,0.053137666258166405,mm,0.01,0.0025,0.005
48,2026-09-12T13:43:25.386294+00:00,10945.33979759,26.0,22.0,120.05558647299603,False,False,0.05558647299602626,mm,0.01,0.0025,0.005
49,2026-09-12T13:43:25.386326+00:00,10945.339828918,27.0,22.0,120.05564129850856,False,False,0.055641298508561476,mm,0.01,0.0025,0.005
50,2026-09-12T13:43:25.386357+00:00,10945.339860247,28.0,22.0,120.05767853072045,False,False,0.057678530720451704,mm,0.01,0.0025,0.005
51,2026-09-12T13:43:25.386389+00:00,10945.339892231,29.0,22.0,120.06159271707352,False,False,0.06159271707352332,mm,0.01,0.0025,0.005
52,2026-09-12T13:43:25.386421+00:00,10945.339924519,30.0,22.0,120.08309523714009,False,False,0.08309523714008549,mm,0.01,0.0025,0.005
53,2026-09-12T13:43:25.386453+00:00,10945.33995628,31.0,22.0,120.08586093512658,False,False,0.08586093512657555,mm,0.01,0.0025,0.005
54,2026-09-12T13:43:25.386486+00:00,10945.339988728,32.0,22.0,120.09111988187807,False,False,0.09111988187807185,mm,0.01,0.0025,0.005
55,2026-09-12T13:43:25.386520+00:00,10945.340023224,33.0,22.0,120.0941734530063,False,False,0.09417345300630586,mm,0.01,0.0025,0.005
56,2026-09-12T13:43:25.386553+00:00,10945.340056136,34.0,22.0,120.09770221301682,False,False,0.09770221301681659,mm,0.01,0.0025,0.005
57,2026-09-12T13:43:25.386585+00:00,10945.340088089,35.0,22.0,120.10417376941957,False,False,0.10417376941957457,mm,0.01,0.0025,0.005
58,2026-09-12T13:43:25.386622+00:00,10945.340125609,36.0,22.0,120.10885378359083,False,False,0.1088537835908312,mm,0.01,0.0025,0.005
59,2026-09-12T13:43:25.386655+00:00,10945.340157753,37.0,22.0,120.11321500810344,False,False,0.11321500810343821,mm,0.01,0.0025,0.005
60,2026-09-12T13:43:25.386686+00:00,10945.340188842,38.0,22.0,120.12076601893273,False,False,0.12076601893272709,mm,0.01,0.0025,0.005
61,2026-09-12T13:43:25.386717+00:00,10945.340220682,39.0,22.0,120.12711389792001,False,False,0.1271138979200117,mm,0.01,0.0025,0.005
62,2026-09-12T13:43:25.386751+00:00,10945.340254522,40.0,22.0,120.13240626707983,False,False,0.13240626707982983,mm,0.01,0.0025,0.005
63,2026-09-12T13:43:25.386785+00:00,10945.340288139,20.0,23.0,120.0500779785256,False,False,0.050077978525592926,mm,0.01,0.0025,0.005
64,2026-09-12T13:43:25.386819+00:00,10945.340322203,21.0,23.0,120.04999610039901,False,False,0.0499961003990137,mm,0.01,0.0025,0.005
65,2026-09-12T13:43:25.386852+00:00,10945.340354891,22.0,23.0,120.0491923496184,False,False,0.04919234961839436,mm,0.01,0.0025,0.005
66,2026-09-12T13:43:25.386883+00:00,10945.340386523,23.0,23.0,120.04881026696519,False,False,0.04881026696519086,mm,0.01,0.0025,0.005
67,2026-09-12T13:43:25.386915+00:00,10945.340417788,24.0,23.0,120.04993202272068,False,False,0.04993202272068231,mm,0.01,0.0025,0.005
68,2026-09-12T13:43:25.386946+00:00,10945.34044934,25.0,23.0,120.05051339262506,False,False,0.0505133926250636,mm,0.01,0.0025,0.005
69,2026-09-12T13:43:25.386977+00:00,10945.34048054,26.0,23.0,120.0511736013149,False,False,0.05117360131490045,mm,0.01,0.0025,0.005
70,2026-09-12T13:43:25.387009+00:00,10945.340512525,27.0,23.0,120.05344149630275,False,False,0.05344149630275297,mm,0.01,0.0025,0.005
71,2026-09-12T13:43:25.387041+00:00,10945.340544621,28.0,23.0,120.05542540284023,False,False,0.055425402840228344,mm,0.01,0.0025,0.005
72,2026-09-12T13:43:25.387073+00:00,10945.340576061,29.0,23.0,120.05717090233942,False,False,0.057170902339422014,mm,0.01,0.0025,0.005
73,2026-09-12T13:43:25.387107+00:00,10945.340609918,30.0,23.0,120.0805317324278,False,False,0.08053173242780076,mm,0.01,0.0025,0.005
74,2026-09-12T13:43:25.387138+00:00,10945.340641294,31.0,23.0,120.08391945759438,False,False,0.08391945759437647,mm,0.01,0.0025,0.005
75,2026-09-12T13:43:25.387170+00:00,10945.340672958,32.0,23.0,120.08680238503757,False,False,0.0868023850375721,mm,0.01,0.0025,0.005
76,2026-09-12T13:43:25.387201+00:00,10945.340704286,33.0,23.0,120.09121147482318,False,False,0.09121147482318293,mm,0.01,0.0025,0.005
77,2026-09-12T13:43:25.387233+00:00,10945.340736399,34.0,23.0,120.0959880645397,False,False,0.09598806453969644,mm,0.01,0.0025,0.005
78,2026-09-12T13:43:25.387264+00:00,10945.340767615,35.0,23.0,120.10006554151568,False,False,0.1000655415156757,mm,0.01,0.0025,0.005
79,2026-09-12T13:43:25.387296+00:00,10945.340799439,36.0,23.0,120.10549030314071,False,False,0.10549030314071217,mm,0.01,0.0025,0.005
80,2026-09-12T13:43:25.387327+00:00,10945.340830672,37.0,23.0,120.11162575848626,False,False,0.11162575848625522,mm,0.01,0.0025,0.005
81,2026-09-12T13:43:25.387359+00:00,10945.34086248,38.0,23.0,120.1169553407649,False,False,0.11695534076490333,mm,0.01,0.0025,0.005
82,2026-09-12T13:43:25.387392+00:00,10945.340894944,39.0,23.0,120.12337786984718,False,False,0.12337786984717525,mm,0.01,0.0025,0.005
83,2026-09-12T13:43:25.387425+00:00,10945.340928448,40.0,23.0,120.1308295367559,False,False,0.13082953675589692,mm,0.01,0.0025,0.005
84,2026-09-12T13:43:25.387458+00:00,10945.340961121,20.0,24.0,120.04712302002805,False,False,0.04712302002805302,mm,0.01,0.0025,0.005
85,2026-09-12T13:43:25.387489+00:00,10945.340992497,21.0,24.0,120.0473867060809,False,False,0.0473867060808999,mm,0.01,0.0025,0.005
86,2026-09-12T13:43:25.387522+00:00,10945.341025041,22.0,24.0,120.04638866821284,False,False,0.04638866821284182,mm,0.01,0.0025,0.005
87,2026-09-12T13:43:25.387554+00:00,10945.341057154,23.0,24.0,120.04582272529386,False,False,0.04582272529385989,mm,0.01,0.0025,0.005
88,2026-09-12T13:43:25.387586+00:00,10945.341089058,24.0,24.0,120.04729179387272,False,False,0.047291793872716426,mm,0.01,0.0025,0.005
89,2026-09-12T13:43:25.387619+00:00,10945.341121778,25.0,24.0,120.04776795777742,False,False,0.04776795777742393,mm,0.01,0.0025,0.005
90,2026-09-12T13:43:25.387651+00:00,10945.341154147,26.0,24.0,120.0481684159318,False,False,0.04816841593179788,mm,0.01,0.0025,0.005
91,2026-09-12T13:43:25.387684+00:00,10945.341186963,27.0,24.0,120.05075770564657,False,False,0.05075770564657489,mm,0.01,0.0025,0.005
92,2026-09-12T13:43:25.387715+00:00,10945.341218211,28.0,24.0,120.05273386792173,False,False,0.05273386792173085,mm,0.01,0.0025,0.005
93,2026-09-12T13:43:25.387747+00:00,10945.341250147,29.0,24.0,120.05416441819452,False,False,0.05416441819451734,mm,0.01,0.0025,0.005
94,2026-09-12T13:43:25.387778+00:00,10945.341280916,30.0,24.0,120.0777951227937,False,False,0.07779512279370238,mm,0.01,0.0025,0.005
95,2026-09-12T13:43:25.387809+00:00,10945.341312452,31.0,24.0,120.0812731823388,False,False,0.08127318233880487,mm,0.01,0.0025,0.005
96,2026-09-12T13:43:25.387886+00:00,10945.341389573,32.0,24.0,120.08381105053948,False,False,0.0838110505394809,mm,0.01,0.0025,0.005
97,2026-09-12T13:43:25.387921+00:00,10945.341424581,33.0,24.0,120.08841699657096,False,False,0.08841699657095603,mm,0.01,0.0025,0.005
98,2026-09-12T13:43:25.387957+00:00,10945.341460485,34.0,24.0,120.09337480332205,False,False,0.09337480332204962,mm,0.01,0.0025,0.005
99,2026-09-12T13:43:25.387992+00:00,10945.341495318,35.0,24.0,120.09710459826083,False,False,0.0971045982608274,mm,0.01,0.0025,0.005
100,2026-09-12T13:43:25.388025+00:00,10945.34152831,36.0,24.0,120.10263751641111,False,False,0.1026375164111073,mm,0.01,0.0025,0.005
101,2026-09-12T13:43:25.388067+00:00,10945.341570358,37.0,24.0,120.10903063580218,False,False,0.10903063580218486,mm,0.01,0.0025,0.005
102,2026-09-12T13:43:25.388100+00:00,10945.341603399,38.0,24.0,120.11403760940071,False,False,0.11403760940071095,mm,0.01,0.0025,0.005
103,2026-09-12T13:43:25.388133+00:00,10945.341635895,39.0,24.0,120.1204709796008,False,False,0.12047097960079611,mm,0.01,0.0025,0.005
104,2026-09-12T13:43:25.388166+00:00,10945.341669687,40.0,24.0,120.12823623219587,False,False,0.12823623219587432,mm,0.01,0.0025,0.005
105,2026-09-12T13:43:25.388199+00:00,10945.341702135,20.0,25.0,120.04571900888725,False,False,0.04571900888724656,mm,0.01,0.0025,0.005
106,2026-09-12T13:43:25.388231+00:00,10945.341734584,21.0,25.0,120.04331558784187,False,False,0.0433155878418745,mm,0.01,0.0025,0.005
107,2026-09-12T13:43:25.388264+00:00,10945.341767208,22.0,25.0,120.04381708175636,False,False,0.04381708175635879,mm,0.01,0.0025,0.005
108,2026-09-12T13:43:25.388297+00:00,10945.341800296,23.0,25.0,120.04467019512037,False,False,0.044670195120374956,mm,0.01,0.0025,0.005
109,2026-09-12T13:43:25.388330+00:00,10945.341832841,24.0,25.0,120.0434586603506,False,False,0.04345866035059487,mm,0.01,0.0025,0.005
110,2026-09-12T13:43:25.388361+00:00,10945.341864729,25.0,25.0,120.04474681717944,False,False,0.044746817179444065,mm,0.01,0.0025,0.005
111,2026-09-12T13:43:25.388393+00:00,10945.341896377,26.0,25.0,120.04715206210909,False,False,0.04715206210909173,mm,0.01,0.0025,0.005
112,2026-09-12T13:43:25.388425+00:00,10945.34192801,27.0,25.0,120.04726078755077,False,False,0.04726078755076912,mm,0.01,0.0025,0.005
113,2026-09-12T13:43:25.388457+00:00,10945.341959994,28.0,25.0,120.04929672100086,False,False,0.049296721000857247,mm,0.01,0.0025,0.005
114,2026-09-12T13:43:25.388488+00:00,10945.34199153,29.0,25.0,120.05315808837602,False,False,0.05315808837602276,mm,0.01,0.0025,0.005
115,2026-09-12T13:43:25.388522+00:00,10945.342024762,30.0,25.0,120.07470586810551,False,False,0.07470586810551083,mm,0.01,0.0025,0.005
116,2026-09-12T13:43:25.388553+00:00,10945.342056683,31.0,25.0,120.07748671573881,False,False,0.07748671573881438,mm,0.01,0.0025,0.005
117,2026-09-12T13:43:25.388586+00:00,10945.342088811,32.0,25.0,120.08268779387218,False,False,0.08268779387218217,mm,0.01,0.0025,0.005
118,2026-09-12T13:43:25.388619+00:00,10945.342122171,33.0,25.0,120.08577437903836,False,False,0.08577437903835516,mm,0.01,0.0025,0.005
119,2026-09-12T13:43:25.388650+00:00,10945.34215366,34.0,25.0,120.0893335302921,False,False,0.08933353029209457,mm,0.01,0.0025,0.005
120,2026-09-12T13:43:25.388681+00:00,10945.34218414,35.0,25.0,120.09574677821747,False,False,0.09574677821747457,mm,0.01,0.0025,0.005
121,2026-09-12T13:43:25.388710+00:00,10945.34221366,36.0,25.0,120.10044493092231,False,False,0.10044493092230766,mm,0.01,0.0025,0.005
122,2026-09-12T13:43:25.388741+00:00,10945.34224462,37.0,25.0,120.10484936732556,False,False,0.10484936732555639,mm,0.01,0.0025,0.005
123,2026-09-12T13:43:25.388773+00:00,10945.342275869,38.0,25.0,120.11234627463807,False,False,0.11234627463807101,mm,0.01,0.0025,0.005
124,2026-09-12T13:43:25.388803+00:00,10945.342305885,39.0,25.0,120.1186959717494,False,False,0.11869597174940338,mm,0.01,0.0025,0.005
125,2026-09-12T13:43:25.388833+00:00,10945.342336413,40.0,25.0,120.12404093121286,False,False,0.12404093121286053,mm,0.01,0.0025,0.005
126,2026-09-12T13:43:25.388863+00:00,10945.342366253,20.0,26.0,120.04247855342419,False,False,0.04247855342418916,mm,0.01,0.0025,0.005
127,2026-09-12T13:43:25.388892+00:00,10945.342395614,21.0,26.0,120.04194938456271,False,False,0.04194938456271302,mm,0.01,0.0025,0.005
128,2026-09-12T13:43:25.388946+00:00,10945.342449102,22.0,26.0,120.0413971147494,False,False,0.041397114749401,mm,0.01,0.0025,0.005
129,2026-09-12T13:43:25.388984+00:00,10945.342487631,23.0,26.0,120.0412530168131,False,False,0.04125301681310134,mm,0.01,0.0025,0.005
130,2026-09-12T13:43:25.389020+00:00,10945.342522895,24.0,26.0,120.0419252184271,False,False,0.041925218427095956,mm,0.01,0.0025,0.005
131,2026-09-12T13:43:25.389084+00:00,10945.342587664,25.0,26.0,120.04264276468227,False,False,0.04264276468227024,mm,0.01,0.0025,0.005
132,2026-09-12T13:43:25.389120+00:00,10945.342623568,26.0,26.0,120.04363918879842,False,False,0.04363918879842288,mm,0.01,0.0025,0.005
133,2026-09-12T13:43:25.389154+00:00,10945.342656928,27.0,26.0,120.04549107746337,False,False,0.045491077463367446,mm,0.01,0.0025,0.005
134,2026-09-12T13:43:25.389188+00:00,10945.342691184,28.0,26.0,120.04748500800505,False,False,0.0474850080050544,mm,0.01,0.0025,0.005
135,2026-09-12T13:43:25.389221+00:00,10945.342723809,29.0,26.0,120.04963817091186,False,False,0.04963817091186229,mm,0.01,0.0025,0.005
136,2026-09-12T13:43:25.389255+00:00,10945.342757841,30.0,26.0,120.07264968132112,False,False,0.07264968132112415,mm,0.01,0.0025,0.005
137,2026-09-12T13:43:25.389289+00:00,10945.342791921,31.0,26.0,120.0759204796389,False,False,0.0759204796388957,mm,0.01,0.0025,0.005
138,2026-09-12T13:43:25.389322+00:00,10945.342824994,32.0,26.0,120.07925004423768,False,False,0.079250044237682,mm,0.01,0.0025,0.005
139,2026-09-12T13:43:25.389356+00:00,10945.342858898,33.0,26.0,120.08340432759333,False,False,0.08340432759332828,mm,0.01,0.0025,0.005
140,2026-09-12T13:43:25.389390+00:00,10945.342893298,34.0,26.0,120.11294635393378,False,False,0.11294635393377916,mm,0.01,0.0025,0.005
141,2026-09-12T13:43:25.389423+00:00,10945.342926419,35.0,26.0,120.11747386295357,False,False,0.11747386295357387,mm,0.01,0.0025,0.005
142,2026-09-12T13:43:25.389458+00:00,10945.342960883,36.0,26.0,120.09775862913192,False,False,0.09775862913191702,mm,0.01,0.0025,0.005
143,2026-09-12T13:43:25.389491+00:00,10945.342994403,37.0,26.0,120.10356056975819,False,False,0.10356056975818717,mm,0.01,0.0025,0.005
144,2026-09-12T13:43:25.389528+00:00,10945.343031316,38.0,26.0,120.10930772967424,False,False,0.10930772967424218,mm,0.01,0.0025,0.005
145,2026-09-12T13:43:25.389561+00:00,10945.34306426,39.0,26.0,120.11571622625014,False,False,0.115716226250143,mm,0.01,0.0025,0.005
146,2026-09-12T13:43:25.389596+00:00,10945.343099092,40.0,26.0,120.12276199468772,False,False,0.1227619946877212,mm,0.01,0.0025,0.005
147,2026-09-12T13:43:25.389631+00:00,10945.343134452,20.0,27.0,120.03978207032942,False,False,0.039782070329422936,mm,0.01,0.0025,0.005
148,2026-09-12T13:43:25.389665+00:00,10945.343168677,21.0,27.0,120.04036008033172,False,False,0.040360080331723225,mm,0.01,0.0025,0.005
149,2026-09-12T13:43:25.389700+00:00,10945.343203301,22.0,27.0,120.03918531961945,False,False,0.03918531961944893,mm,0.01,0.0025,0.005
150,2026-09-12T13:43:25.389734+00:00,10945.343237141,23.0,27.0,120.03845213805613,False,False,0.03845213805612957,mm,0.01,0.0025,0.005
151,2026-09-12T13:43:25.389768+00:00,10945.34327167,24.0,27.0,120.04023712114478,False,False,0.04023712114478428,mm,0.01,0.0025,0.005
152,2026-09-12T13:43:25.389802+00:00,10945.343305398,25.0,27.0,120.04061759004607,False,False,0.04061759004606813,mm,0.01,0.0025,0.005
153,2026-09-12T13:43:25.389836+00:00,10945.343338726,26.0,27.0,120.04078178003655,False,False,0.04078178003655353,mm,0.01,0.0025,0.005
154,2026-09-12T13:43:25.389869+00:00,10945.343372647,27.0,27.0,120.04366340925272,False,False,0.043663409252715724,mm,0.01,0.0025,0.005
155,2026-09-12T13:43:25.389905+00:00,10945.343407799,28.0,27.0,120.04563252737437,False,False,0.04563252737436585,mm,0.01,0.0025,0.005
156,2026-09-12T13:43:25.389937+00:00,10945.343440663,29.0,27.0,120.04677660095017,False,False,0.046776600950167335,mm,0.01,0.0025,0.005
157,2026-09-12T13:43:25.389971+00:00,10945.343474296,30.0,27.0,120.07065278244524,False,False,0.07065278244523654,mm,0.01,0.0025,0.005
158,2026-09-12T13:43:25.390004+00:00,10945.343507352,31.0,27.0,120.07421300982,False,False,0.07421300981999934,mm,0.01,0.0025,0.005
159,2026-09-12T13:43:25.390040+00:00,10945.343543528,32.0,27.0,120.07643701336004,False,False,0.07643701336003517,mm,0.01,0.0025,0.005
160,2026-09-12T13:43:25.390075+00:00,10945.343578056,33.0,27.0,120.08122201913311,False,False,0.08122201913310789,mm,0.01,0.0025,0.005
161,2026-09-12T13:43:25.390110+00:00,10945.343613017,34.0,27.0,120.1113446602548,False,False,0.11134466025480094,mm,0.01,0.0025,0.005
162,2026-09-12T13:43:25.390145+00:00,10945.343648057,35.0,27.0,120.11475820484823,False,False,0.11475820484822918,mm,0.01,0.0025,0.005
163,2026-09-12T13:43:25.390180+00:00,10945.343682825,36.0,27.0,120.09538950178946,False,False,0.09538950178945527,mm,0.01,0.0025,0.005
164,2026-09-12T13:43:25.390215+00:00,10945.343718346,37.0,27.0,120.10201699148061,False,False,0.10201699148061039,mm,0.01,0.0025,0.005
165,2026-09-12T13:43:25.390250+00:00,10945.343752922,38.0,27.0,120.10673052137027,False,False,0.10673052137026673,mm,0.01,0.0025,0.005
166,2026-09-12T13:43:25.390283+00:00,10945.34378657,39.0,27.0,120.11317375261257,False,False,0.11317375261256757,mm,0.01,0.0025,0.005
167,2026-09-12T13:43:25.390317+00:00,10945.343820411,40.0,27.0,120.12122424163347,False,False,0.12122424163347034,mm,0.01,0.0025,0.005
168,2026-09-12T13:43:25.390352+00:00,10945.343855179,20.0,28.0,120.03903574553105,False,False,0.03903574553105216,mm,0.01,0.0025,0.005
169,2026-09-12T13:43:25.390387+00:00,10945.343890507,21.0,28.0,120.03681800538615,False,False,0.03681800538615221,mm,0.01,0.0025,0.005
170,2026-09-12T13:43:25.390422+00:00,10945.343925564,22.0,28.0,120.03721510363845,False,False,0.03721510363844516,mm,0.01,0.0025,0.005
171,2026-09-12T13:43:25.390456+00:00,10945.343959324,23.0,28.0,120.03796942395113,False,False,0.037969423951125236,mm,0.01,0.0025,0.005
172,2026-09-12T13:43:25.390490+00:00,10945.34399342,24.0,28.0,120.03694450967511,False,False,0.036944509675109316,mm,0.01,0.0025,0.005
173,2026-09-12T13:43:25.390527+00:00,10945.344029997,25.0,28.0,120.03817613649906,False,False,0.03817613649906093,mm,0.01,0.0025,0.005
174,2026-09-12T13:43:25.390561+00:00,10945.344064205,26.0,28.0,120.04044181050037,False,False,0.04044181050036855,mm,0.01,0.0025,0.005
175,2026-09-12T13:43:25.390594+00:00,10945.344097389,27.0,28.0,120.04072322994755,False,False,0.04072322994754529,mm,0.01,0.0025,0.005
176,2026-09-12T13:43:25.390628+00:00,10945.34413139,28.0,28.0,120.04275500219782,False,False,0.04275500219782202,mm,0.01,0.0025,0.005
177,2026-09-12T13:43:25.390662+00:00,10945.344165502,29.0,28.0,120.04644713890775,False,False,0.04644713890775165,mm,0.01,0.0025,0.005
178,2026-09-12T13:43:25.390697+00:00,10945.344200222,30.0,28.0,120.06813992944903,False,False,0.06813992944903191,mm,0.01,0.0025,0.005
179,2026-09-12T13:43:25.390732+00:00,10945.344234766,31.0,28.0,120.07096931616638,False,False,0.07096931616638358,mm,0.01,0.0025,0.005
180,2026-09-12T13:43:25.390766+00:00,10945.344269519,32.0,28.0,120.07598498471542,False,False,0.07598498471541859,mm,0.01,0.0025,0.005
181,2026-09-12T13:43:25.390802+00:00,10945.344305535,33.0,28.0,120.07917734602151,False,False,0.07917734602150972,mm,0.01,0.0025,0.005
182,2026-09-12T13:43:25.390838+00:00,10945.344341151,34.0,28.0,120.08283387004755,False,False,0.08283387004755127,mm,0.01,0.0025,0.005
183,2026-09-12T13:43:25.390873+00:00,10945.344375744,35.0,28.0,120.08906029909069,False,False,0.08906029909068991,mm,0.01,0.0025,0.005
184,2026-09-12T13:43:25.390907+00:00,10945.344410288,36.0,28.0,120.09381656719692,False,False,0.09381656719692444,mm,0.01,0.0025,0.005
185,2026-09-12T13:43:25.390941+00:00,10945.344444272,37.0,28.0,120.09835945340151,False,False,0.09835945340151397,mm,0.01,0.0025,0.005
186,2026-09-12T13:43:25.390975+00:00,10945.344478673,38.0,28.0,120.10568301441894,False,False,0.10568301441894334,mm,0.01,0.0025,0.005
187,2026-09-12T13:43:25.391011+00:00,10945.344514017,39.0,28.0,120.11203853675359,False,False,0.11203853675358744,mm,0.01,0.0025,0.005
188,2026-09-12T13:43:25.391044+00:00,10945.344547729,40.0,28.0,120.11755199421563,False,False,0.11755199421563134,mm,0.01,0.0025,0.005
189,2026-09-12T13:43:25.391079+00:00,10945.344582066,20.0,29.0,120.0366888026874,False,False,0.03668880268739372,mm,0.01,0.0025,0.005
190,2026-09-12T13:43:25.391113+00:00,10945.344616066,21.0,29.0,120.03569076883778,False,False,0.03569076883778166,mm,0.01,0.0025,0.005
191,2026-09-12T13:43:25.391150+00:00,10945.344652786,22.0,29.0,120.03540210971784,False,False,0.03540210971783608,mm,0.01,0.0025,0.005
192,2026-09-12T13:43:25.391184+00:00,10945.344687299,23.0,29.0,120.03550747525742,False,False,0.035507475257418264,mm,0.01,0.0025,0.005
193,2026-09-12T13:43:25.391219+00:00,10945.344721811,24.0,29.0,120.03570843930541,False,False,0.035708439305409456,mm,0.01,0.0025,0.005
194,2026-09-12T13:43:25.391253+00:00,10945.344756115,25.0,29.0,120.0365687301294,False,False,0.03656873012940309,mm,0.01,0.0025,0.005
195,2026-09-12T13:43:25.391288+00:00,10945.344790948,26.0,29.0,120.03791758641006,False,False,0.03791758641006027,mm,0.01,0.0025,0.005
196,2026-09-12T13:43:25.391322+00:00,10945.344824804,27.0,29.0,120.03933340344547,False,False,0.03933340344546821,mm,0.01,0.0025,0.005
197,2026-09-12T13:43:25.391355+00:00,10945.34485818,28.0,29.0,120.04133784148092,False,False,0.04133784148092445,mm,0.01,0.0025,0.005
198,2026-09-12T13:43:25.391389+00:00,10945.34489186,29.0,29.0,120.04391833069668,False,False,0.04391833069668394,mm,0.01,0.0025,0.005
199,2026-09-12T13:43:25.391423+00:00,10945.344925813,30.0,29.0,120.06656367262889,False,False,0.06656367262888807,mm,0.01,0.0025,0.005
200,2026-09-12T13:43:25.391458+00:00,10945.344960997,31.0,29.0,120.06971190434446,False,False,0.06971190434445873,mm,0.01,0.0025,0.005
201,2026-09-12T13:43:25.391492+00:00,10945.344994837,32.0,29.0,120.07350964882785,False,False,0.07350964882785149,mm,0.01,0.0025,0.005
202,2026-09-12T13:43:25.391529+00:00,10945.345032198,33.0,29.0,120.07739683562987,False,False,0.07739683562986954,mm,0.01,0.0025,0.005
203,2026-09-12T13:43:25.391563+00:00,10945.345065926,34.0,29.0,120.0816929848574,False,False,0.08169298485739773,mm,0.01,0.0025,0.005
204,2026-09-12T13:43:25.391596+00:00,10945.345098838,35.0,29.0,120.08669223239625,False,False,0.08669223239624557,mm,0.01,0.0025,0.005
205,2026-09-12T13:43:25.391631+00:00,10945.345134151,36.0,29.0,120.09183025070276,False,False,0.09183025070275619,mm,0.01,0.0025,0.005
206,2026-09-12T13:43:25.391665+00:00,10945.345168215,37.0,29.0,120.09728259013524,False,False,0.09728259013523655,mm,0.01,0.0025,0.005
207,2026-09-12T13:43:25.391699+00:00,10945.345202263,38.0,29.0,120.10346746878484,False,False,0.10346746878484225,mm,0.01,0.0025,0.005
208,2026-09-12T13:43:25.391733+00:00,10945.345235976,39.0,29.0,120.109861256022,False,False,0.10986125602200048,mm,0.01,0.0025,0.005
209,2026-09-12T13:43:25.391862+00:00,10945.345365433,40.0,29.0,120.1164815482156,False,False,0.11648154821560297,mm,0.01,0.0025,0.005
210,2026-09-12T13:43:25.391990+00:00,10945.345493162,20.0,30.0,120.03429034455408,False,False,0.034290344554079866,mm,0.01,0.0025,0.005
211,2026-09-12T13:43:25.392118+00:00,10945.345621323,21.0,30.0,120.03507290701907,False,False,0.035072907019070954,mm,0.01,0.0025,0.005
212,2026-09-12T13:43:25.392247+00:00,10945.345749772,22.0,30.0,120.03378314045675,False,False,0.03378314045674813,mm,0.01,0.0025,0.005
213,2026-09-12T13:43:25.392375+00:00,10945.345878717,23.0,30.0,120.03294112507211,False,False,0.032941125072113664,mm,0.01,0.0025,0.005
214,2026-09-12T13:43:25.392507+00:00,10945.346010383,24.0,30.0,120.0349316957117,False,False,0.0349316957117054,mm,0.01,0.0025,0.005
215,2026-09-12T13:43:25.392640+00:00,10945.346143472,25.0,30.0,120.0352498892164,False,False,0.03524988921640215,mm,0.01,0.0025,0.005
216,2026-09-12T13:43:25.392671+00:00,10945.346174624,26.0,30.0,120.03526032307451,False,False,0.035260323074510325,mm,0.01,0.0025,0.005
217,2026-09-12T13:43:25.392702+00:00,10945.346205616,27.0,30.0,120.03833219794345,False,False,0.038332197943447,mm,0.01,0.0025,0.005
218,2026-09-12T13:43:25.392735+00:00,10945.346237745,28.0,30.0,120.04029673194434,False,False,0.040296731944337694,mm,0.01,0.0025,0.005
219,2026-09-12T13:43:25.392765+00:00,10945.346267969,29.0,30.0,120.04125437520206,False,False,0.04125437520205821,mm,0.01,0.0025,0.005
220,2026-09-12T13:43:25.392796+00:00,10945.346299217,30.0,30.0,120.0652903055921,False,False,0.06529030559210014,mm,0.01,0.0025,0.005
221,2026-09-12T13:43:25.392827+00:00,10945.346329746,31.0,30.0,120.06890400529036,False,False,0.06890400529036356,mm,0.01,0.0025,0.005
222,2026-09-12T13:43:25.392858+00:00,10945.346361474,32.0,30.0,120.0709237552589,False,False,0.07092375525890304,mm,0.01,0.0025,0.005
223,2026-09-12T13:43:25.392888+00:00,10945.346391426,33.0,30.0,120.07582528766373,False,False,0.07582528766373287,mm,0.01,0.0025,0.005
224,2026-09-12T13:43:25.392918+00:00,10945.34642165,34.0,30.0,120.08105519797856,False,False,0.0810551979785572,mm,0.01,0.0025,0.005
225,2026-09-12T13:43:25.392948+00:00,10945.346451379,35.0,30.0,120.08426293646946,False,False,0.08426293646945737,mm,0.01,0.0025,0.005
226,2026-09-12T13:43:25.392978+00:00,10945.346480995,36.0,30.0,120.08995825533458,False,False,0.08995825533457946,mm,0.01,0.0025,0.005
227,2026-09-12T13:43:25.393013+00:00,10945.346516579,37.0,30.0,120.09673826608608,False,False,0.09673826608607783,mm,0.01,0.0025,0.005
228,2026-09-12T13:43:25.393044+00:00,10945.346547059,38.0,30.0,120.1012608317383,False,False,0.10126083173830125,mm,0.01,0.0025,0.005
229,2026-09-12T13:43:25.393075+00:00,10945.346577892,39.0,30.0,120.10771048024687,False,False,0.10771048024686536,mm,0.01,0.0025,0.005
230,2026-09-12T13:43:25.393105+00:00,10945.346607812,40.0,30.0,120.11594659245509,False,False,0.11594659245508865,mm,0.01,0.0025,0.005
231,2026-09-12T13:43:25.393137+00:00,10945.346640196,20.0,31.0,120.03410183905032,False,False,0.03410183905032227,mm,0.01,0.0025,0.005
232,2026-09-12T13:43:25.393167+00:00,10945.346670421,21.0,31.0,120.03218271617305,False,False,0.032182716173053905,mm,0.01,0.0025,0.005
233,2026-09-12T13:43:25.393197+00:00,10945.346700309,22.0,31.0,120.03241192237334,False,False,0.032411922373341895,mm,0.01,0.0025,0.005
234,2026-09-12T13:43:25.393228+00:00,10945.346730997,23.0,31.0,120.03300736091104,False,False,0.03300736091104284,mm,0.01,0.0025,0.005
235,2026-09-12T13:43:25.393258+00:00,10945.346761541,24.0,31.0,120.03228257498311,False,False,0.03228257498311393,mm,0.01,0.0025,0.005
236,2026-09-12T13:43:25.393289+00:00,10945.346791782,25.0,31.0,120.03342328865682,False,False,0.033423288656820205,mm,0.01,0.0025,0.005
237,2026-09-12T13:43:25.393321+00:00,10945.346824054,26.0,31.0,120.03546450074978,False,False,0.035464500749782246,mm,0.01,0.0025,0.005
238,2026-09-12T13:43:25.393352+00:00,10945.346854966,27.0,31.0,120.03602365157337,False,False,0.03602365157337317,mm,0.01,0.0025,0.005
239,2026-09-12T13:43:25.393383+00:00,10945.346885767,28.0,31.0,120.03804873166457,False,False,0.03804873166457412,mm,0.01,0.0025,0.005
240,2026-09-12T13:43:25.393415+00:00,10945.346918055,29.0,31.0,120.04146870683977,False,False,0.041468706839765446,mm,0.01,0.0025,0.005
241,2026-09-12T13:43:25.393445+00:00,10945.346948215,30.0,31.0,120.06339470786354,False,False,0.06339470786353729,mm,0.01,0.0025,0.005
242,2026-09-12T13:43:25.393475+00:00,10945.346977767,31.0,31.0,120.06630215650655,False,False,0.06630215650655202,mm,0.01,0.0025,0.005
243,2026-09-12T13:43:25.393507+00:00,10945.347010168,32.0,31.0,120.07101964412625,False,False,0.0710196441262525,mm,0.01,0.0025,0.005
244,2026-09-12T13:43:25.393538+00:00,10945.347041352,33.0,31.0,120.0743821176076,False,False,0.07438211760759827,mm,0.01,0.0025,0.005
245,2026-09-12T13:43:25.393570+00:00,10945.347072888,34.0,31.0,120.0781952392758,False,False,0.07819523927580008,mm,0.01,0.0025,0.005
246,2026-09-12T13:43:25.393602+00:00,10945.347105241,35.0,31.0,120.08412122091688,False,False,0.08412122091688445,mm,0.01,0.0025,0.005
247,2026-09-12T13:43:25.393634+00:00,10945.347137001,36.0,31.0,120.08897095185279,False,False,0.08897095185278658,mm,0.01,0.0025,0.005
248,2026-09-12T13:43:25.393666+00:00,10945.347168761,37.0,31.0,120.09373649693764,False,False,0.09373649693763753,mm,0.01,0.0025,0.005
249,2026-09-12T13:43:25.393697+00:00,10945.347200313,38.0,31.0,120.1007812775481,False,False,0.1007812775480943,mm,0.01,0.0025,0.005
250,2026-09-12T13:43:25.393729+00:00,10945.347232186,39.0,31.0,120.10714616817138,False,False,0.10714616817138278,mm,0.01,0.0025,0.005
251,2026-09-12T13:43:25.393761+00:00,10945.347264218,40.0,31.0,120.11293060887303,False,False,0.11293060887302886,mm,0.01,0.0025,0.005
252,2026-09-12T13:43:25.393794+00:00,10945.347297002,20.0,32.0,120.03269197797943,False,False,0.032691977979425246,mm,0.01,0.0025,0.005
253,2026-09-12T13:43:25.393826+00:00,10945.347329403,21.0,32.0,120.0312408544046,False,False,0.031240854404600782,mm,0.01,0.0025,0.005
254,2026-09-12T13:43:25.393858+00:00,10945.347361723,22.0,32.0,120.03120693662734,False,False,0.031206936627341975,mm,0.01,0.0025,0.005
255,2026-09-12T13:43:25.393892+00:00,10945.347395211,23.0,32.0,120.03155337228435,False,False,0.031553372284349734,mm,0.01,0.0025,0.005
256,2026-09-12T13:43:25.393925+00:00,10945.347427948,24.0,32.0,120.03129895385615,False,False,0.031298953856151,mm,0.01,0.0025,0.005
257,2026-09-12T13:43:25.393958+00:00,10945.347460812,25.0,32.0,120.03229718651649,False,False,0.032297186516487386,mm,0.01,0.0025,0.005
258,2026-09-12T13:43:25.393990+00:00,10945.347493084,26.0,32.0,120.03398661715568,False,False,0.03398661715567641,mm,0.01,0.0025,0.005
259,2026-09-12T13:43:25.394022+00:00,10945.347525132,27.0,32.0,120.03498103447092,False,False,0.03498103447091694,mm,0.01,0.0025,0.005
260,2026-09-12T13:43:25.394054+00:00,10945.347556797,28.0,32.0,120.0369956264688,False,False,0.036995626468794285,mm,0.01,0.0025,0.005
261,2026-09-12T13:43:25.394085+00:00,10945.347587805,29.0,32.0,120.03998906432605,False,False,0.03998906432605054,mm,0.01,0.0025,0.005
262,2026-09-12T13:43:25.394116+00:00,10945.347618909,30.0,32.0,120.0622805577542,False,False,0.06228055775420671,mm,0.01,0.0025,0.005
263,2026-09-12T13:43:25.394148+00:00,10945.347651214,31.0,32.0,120.06531034669942,False,False,0.0653103466994196,mm,0.01,0.0025,0.005
264,2026-09-12T13:43:25.394181+00:00,10945.347684078,32.0,32.0,120.06956051885525,False,False,0.06956051885525483,mm,0.01,0.0025,0.005
265,2026-09-12T13:43:25.394212+00:00,10945.347715022,33.0,32.0,120.07318959573831,False,False,0.07318959573831307,mm,0.01,0.0025,0.005
266,2026-09-12T13:43:25.394244+00:00,10945.347746926,34.0,32.0,120.07724814054592,False,False,0.07724814054591889,mm,0.01,0.0025,0.005
267,2026-09-12T13:43:25.394275+00:00,10945.347778367,35.0,32.0,120.08270325465914,False,False,0.08270325465913686,mm,0.01,0.0025,0.005
268,2026-09-12T13:43:25.394307+00:00,10945.347810655,36.0,32.0,120.08769946251995,False,False,0.08769946251995009,mm,0.01,0.0025,0.005
269,2026-09-12T13:43:25.394352+00:00,10945.347855359,37.0,32.0,120.09281396331481,False,False,0.09281396331481062,mm,0.01,0.0025,0.005
270,2026-09-12T13:43:25.394384+00:00,10945.347887136,38.0,32.0,120.09942183337073,False,False,0.09942183337072663,mm,0.01,0.0025,0.005
271,2026-09-12T13:43:25.394416+00:00,10945.347919152,39.0,32.0,120.10580140617427,False,False,0.10580140617426537,mm,0.01,0.0025,0.005
272,2026-09-12T13:43:25.394450+00:00,10945.347953392,40.0,32.0,120.11201053754472,False,False,0.11201053754471957,mm,0.01,0.0025,0.005
273,2026-09-12T13:43:25.394484+00:00,10945.347987025,20.0,33.0,120.03065514952472,False,False,0.03065514952471915,mm,0.01,0.0025,0.005
274,2026-09-12T13:43:25.394518+00:00,10945.348021329,21.0,33.0,120.0315161984337,False,False,0.03151619843370668,mm,0.01,0.0025,0.005
275,2026-09-12T13:43:25.394550+00:00,10945.348053057,22.0,33.0,120.0301823043156,False,False,0.030182304315601982,mm,0.01,0.0025,0.005
276,2026-09-12T13:43:25.394581+00:00,10945.348084466,23.0,33.0,120.02929852957246,False,False,0.02929852957245771,mm,0.01,0.0025,0.005
277,2026-09-12T13:43:25.394613+00:00,10945.348115986,24.0,33.0,120.03136798381773,False,False,0.03136798381773076,mm,0.01,0.0025,0.005
278,2026-09-12T13:43:25.394645+00:00,10945.348148098,25.0,33.0,120.03166228235501,False,False,0.03166228235501478,mm,0.01,0.0025,0.005
279,2026-09-12T13:43:25.394678+00:00,10945.348180946,26.0,33.0,120.03161372023763,False,False,0.03161372023762965,mm,0.01,0.0025,0.005
280,2026-09-12T13:43:25.394710+00:00,10945.348213315,27.0,33.0,120.0347585920511,False,False,0.0347585920511051,mm,0.01,0.0025,0.005
281,2026-09-12T13:43:25.394742+00:00,10945.348245619,28.0,33.0,120.03672136713239,False,False,0.03672136713238672,mm,0.01,0.0025,0.005
282,2026-09-12T13:43:25.394776+00:00,10945.348279267,29.0,33.0,120.03760747738325,False,False,0.0376074773832471,mm,0.01,0.0025,0.005
283,2026-09-12T13:43:25.394808+00:00,10945.348311348,30.0,33.0,120.06170470316194,False,False,0.061704703161936436,mm,0.01,0.0025,0.005
284,2026-09-12T13:43:25.394840+00:00,10945.348343044,31.0,33.0,120.0653389201029,False,False,0.06533892010290288,mm,0.01,0.0025,0.005
285,2026-09-12T13:43:25.394873+00:00,10945.348375748,32.0,33.0,120.06728029831149,False,False,0.06728029831148774,mm,0.01,0.0025,0.005
286,2026-09-12T13:43:25.394905+00:00,10945.348408564,33.0,33.0,120.07222654179357,False,False,0.0722265417935688,mm,0.01,0.0025,0.005
287,2026-09-12T13:43:25.394937+00:00,10945.348440517,34.0,33.0,120.07749761112164,False,False,0.07749761112164322,mm,0.01,0.0025,0.005
288,2026-09-12T13:43:25.394969+00:00,10945.348472549,35.0,33.0,120.08062638214898,False,False,0.08062638214897788,mm,0.01,0.0025,0.005
289,2026-09-12T13:43:25.395002+00:00,10945.348505077,36.0,33.0,120.08634626612115,False,False,0.08634626612115426,mm,0.01,0.0025,0.005
290,2026-09-12T13:43:25.395034+00:00,10945.348537622,37.0,33.0,120.09318479895303,False,False,0.09318479895303255,mm,0.01,0.0025,0.005
291,2026-09-12T13:43:25.395069+00:00,10945.348572022,38.0,33.0,120.09763409194098,False,False,0.09763409194097505,mm,0.01,0.0025,0.005
292,2026-09-12T13:43:25.395101+00:00,10945.348603862,39.0,33.0,120.10408620274406,False,False,0.10408620274405678,mm,0.01,0.0025,0.005
293,2026-09-12T13:43:25.395133+00:00,10945.348636439,40.0,33.0,120.11239353826441,False,False,0.11239353826441345,mm,0.01,0.0025,0.005
294,2026-09-12T13:43:25.395165+00:00,10945.348668535,20.0,34.0,120.03092795635855,False,False,0.030927956358553388,mm,0.01,0.0025,0.005
295,2026-09-12T13:43:25.395198+00:00,10945.348701223,21.0,34.0,120.02939659943571,False,False,0.02939659943571371,mm,0.01,0.0025,0.005
296,2026-09-12T13:43:25.395230+00:00,10945.348733319,22.0,34.0,120.02940779137882,False,False,0.029407791378815773,mm,0.01,0.0025,0.005
297,2026-09-12T13:43:25.395263+00:00,10945.34876588,23.0,34.0,120.02979691584899,False,False,0.02979691584899058,mm,0.01,0.0025,0.005
298,2026-09-12T13:43:25.395294+00:00,10945.348797416,24.0,34.0,120.02946185807131,False,False,0.02946185807131485,mm,0.01,0.0025,0.005
299,2026-09-12T13:43:25.395326+00:00,10945.348829352,25.0,34.0,120.04548451753887,False,False,0.04548451753886695,mm,0.01,0.0025,0.005
300,2026-09-12T13:43:25.395359+00:00,10945.348862185,26.0,34.0,120.04723425725044,False,False,0.047234257250437395,mm,0.01,0.0025,0.005
301,2026-09-12T13:43:25.395392+00:00,10945.348894841,27.0,34.0,120.0331540528991,False,False,0.033154052899107,mm,0.01,0.0025,0.005
302,2026-09-12T13:43:25.395424+00:00,10945.348926873,28.0,34.0,120.03517044296555,False,False,0.035170442965551274,mm,0.01,0.0025,0.005
303,2026-09-12T13:43:25.395456+00:00,10945.348959241,29.0,34.0,120.03823700596828,False,False,0.038237005968284166,mm,0.01,0.0025,0.005
304,2026-09-12T13:43:25.395490+00:00,10945.348992762,30.0,34.0,120.06046583973193,False,False,0.06046583973193265,mm,0.01,0.0025,0.005
305,2026-09-12T13:43:25.395522+00:00,10945.349025706,31.0,34.0,120.06347465477401,False,False,0.06347465477401215,mm,0.01,0.0025,0.005
306,2026-09-12T13:43:25.395553+00:00,10945.349056554,32.0,34.0,120.06780494304122,False,False,0.06780494304122442,mm,0.01,0.0025,0.005
307,2026-09-12T13:43:25.395585+00:00,10945.349087915,33.0,34.0,120.07138831369481,False,False,0.07138831369481125,mm,0.01,0.0025,0.005
308,2026-09-12T13:43:25.395616+00:00,10945.349119179,34.0,34.0,120.07540478339664,False,False,0.07540478339663537,mm,0.01,0.0025,0.005
309,2026-09-12T13:43:25.395649+00:00,10945.349152139,35.0,34.0,120.08094062258367,False,False,0.08094062258366819,mm,0.01,0.0025,0.005
310,2026-09-12T13:43:25.395680+00:00,10945.349183243,36.0,34.0,120.08591171858207,False,False,0.08591171858206792,mm,0.01,0.0025,0.005
311,2026-09-12T13:43:25.395712+00:00,10945.349214908,37.0,34.0,120.09096639474731,False,False,0.09096639474731205,mm,0.01,0.0025,0.005
312,2026-09-12T13:43:25.395742+00:00,10945.349245372,38.0,34.0,120.09764916832636,False,False,0.09764916832635606,mm,0.01,0.0025,0.005
313,2026-09-12T13:43:25.395773+00:00,10945.349276252,39.0,34.0,120.10402622403112,False,False,0.1040262240311165,mm,0.01,0.0025,0.005
314,2026-09-12T13:43:25.395804+00:00,10945.349307709,40.0,34.0,120.11016254684384,False,False,0.11016254684383853,mm,0.01,0.0025,0.005
315,2026-09-12T13:43:25.395936+00:00,10945.34943971,20.0,35.0,120.03047189447301,False,False,0.030471894473009797,mm,0.01,0.0025,0.005
316,2026-09-12T13:43:25.396073+00:00,10945.349576079,21.0,35.0,120.02861954930366,False,False,0.028619549303655845,mm,0.01,0.0025,0.005
317,2026-09-12T13:43:25.396208+00:00,10945.349711184,22.0,35.0,120.0288112109691,False,False,0.02881121096909567,mm,0.01,0.0025,0.005
318,2026-09-12T13:43:25.396346+00:00,10945.349848994,23.0,35.0,120.02937111987768,False,False,0.029371119877680485,mm,0.01,0.0025,0.005
319,2026-09-12T13:43:25.396481+00:00,10945.349983971,24.0,35.0,120.02871344957012,False,False,0.028713449570119565,mm,0.01,0.0025,0.005
320,2026-09-12T13:43:25.396841+00:00,10945.35034311,25.0,35.0,120.04483383296675,False,False,0.044833832966745035,mm,0.01,0.0025,0.005
321,2026-09-12T13:43:25.397019+00:00,10945.350522504,26.0,35.0,120.04682485020034,False,False,0.046824850200337664,mm,0.01,0.0025,0.005
322,2026-09-12T13:43:25.397167+00:00,10945.350670089,27.0,35.0,120.03244610816489,False,False,0.032446108164890575,mm,0.01,0.0025,0.005
323,2026-09-12T13:43:25.397204+00:00,10945.350707145,28.0,35.0,120.03446969173498,False,False,0.0344696917349836,mm,0.01,0.0025,0.005
324,2026-09-12T13:43:25.397238+00:00,10945.350741418,29.0,35.0,120.03782880531425,False,False,0.03782880531424837,mm,0.01,0.0025,0.005
325,2026-09-12T13:43:25.397520+00:00,10945.351021308,30.0,35.0,120.05980695758035,False,False,0.05980695758034926,mm,0.01,0.0025,0.005
326,2026-09-12T13:43:25.397611+00:00,10945.351113677,31.0,35.0,120.06273186267026,False,False,0.06273186267026176,mm,0.01,0.0025,0.005
327,2026-09-12T13:43:25.397907+00:00,10945.351408384,32.0,35.0,120.06738267015733,False,False,0.06738267015732902,mm,0.01,0.0025,0.005
328,2026-09-12T13:43:25.398001+00:00,10945.351504225,33.0,35.0,120.0707831846443,False,False,0.07078318464429856,mm,0.01,0.0025,0.005
329,2026-09-12T13:43:25.398304+00:00,10945.351806115,34.0,35.0,120.07463132515684,False,False,0.07463132515684379,mm,0.01,0.0025,0.005
330,2026-09-12T13:43:25.398401+00:00,10945.351904452,35.0,35.0,120.08049011982972,False,False,0.08049011982971876,mm,0.01,0.0025,0.005
331,2026-09-12T13:43:25.398755+00:00,10945.352256519,36.0,35.0,120.08536075120983,False,False,0.08536075120983355,mm,0.01,0.0025,0.005
332,2026-09-12T13:43:25.398847+00:00,10945.352349768,37.0,35.0,120.0901760879554,False,False,0.090176087955399,mm,0.01,0.0025,0.005
333,2026-09-12T13:43:25.399111+00:00,10945.352613291,38.0,35.0,120.09715852683746,False,False,0.09715852683746107,mm,0.01,0.0025,0.005
334,2026-09-12T13:43:25.399195+00:00,10945.352698475,39.0,35.0,120.10352551242615,False,False,0.10352551242614538,mm,0.01,0.0025,0.005
335,2026-09-12T13:43:25.399236+00:00,10945.352739292,40.0,35.0,120.10937055122974,False,False,0.1093705512297447,mm,0.01,0.0025,0.005
336,2026-09-12T13:43:25.399285+00:00,10945.352788092,20.0,36.0,120.0288792888572,False,False,0.028879288857197594,mm,0.01,0.0025,0.005
337,2026-09-12T13:43:25.399320+00:00,10945.352822797,21.0,36.0,120.02968650600639,False,False,0.029686506006385116,mm,0.01,0.0025,0.005
338,2026-09-12T13:43:25.399352+00:00,10945.352855485,22.0,36.0,120.02838287780253,False,False,0.028382877802528128,mm,0.01,0.0025,0.005
339,2026-09-12T13:43:25.399385+00:00,10945.352888045,23.0,36.0,120.02752774469023,False,False,0.027527744690232225,mm,0.01,0.0025,0.005
340,2026-09-12T13:43:25.399419+00:00,10945.352922477,24.0,36.0,120.0295430947731,False,False,0.029543094773103462,mm,0.01,0.0025,0.005
341,2026-09-12T13:43:25.399454+00:00,10945.352957006,25.0,36.0,120.0298537822316,False,False,0.029853782231597847,mm,0.01,0.0025,0.005
342,2026-09-12T13:43:25.399487+00:00,10945.352990718,26.0,36.0,120.02984568388119,False,False,0.029845683881191576,mm,0.01,0.0025,0.005
343,2026-09-12T13:43:25.399523+00:00,10945.353025982,27.0,36.0,120.03294048903622,False,False,0.032940489036221265,mm,0.01,0.0025,0.005
344,2026-09-12T13:43:25.399557+00:00,10945.353060687,28.0,36.0,120.03490447051358,False,False,0.03490447051358103,mm,0.01,0.0025,0.005
345,2026-09-12T13:43:25.399593+00:00,10945.353096143,29.0,36.0,120.03583964334706,False,False,0.035839643347060246,mm,0.01,0.0025,0.005
346,2026-09-12T13:43:25.399628+00:00,10945.353130767,30.0,36.0,120.05989482825257,False,False,0.05989482825256687,mm,0.01,0.0025,0.005
347,2026-09-12T13:43:25.399662+00:00,10945.353164976,31.0,36.0,120.06351497296367,False,False,0.0635149729636737,mm,0.01,0.0025,0.005
348,2026-09-12T13:43:25.399696+00:00,10945.353199664,32.0,36.0,120.06551010427333,False,False,0.06551010427332926,mm,0.01,0.0025,0.005
349,2026-09-12T13:43:25.399731+00:00,10945.353234368,33.0,36.0,120.07042568161935,False,False,0.07042568161935492,mm,0.01,0.0025,0.005
350,2026-09-12T13:43:25.399765+00:00,10945.353268369,34.0,36.0,120.07566852107738,False,False,0.07566852107737532,mm,0.01,0.0025,0.005
351,2026-09-12T13:43:25.399800+00:00,10945.353302897,35.0,36.0,120.078851453783,False,False,0.07885145378300251,mm,0.01,0.0025,0.005
352,2026-09-12T13:43:25.399833+00:00,10945.353336433,36.0,36.0,120.08455448920306,False,False,0.08455448920305741,mm,0.01,0.0025,0.005
353,2026-09-12T13:43:25.399868+00:00,10945.353370866,37.0,36.0,120.09135288329998,False,False,0.09135288329997593,mm,0.01,0.0025,0.005
354,2026-09-12T13:43:25.399904+00:00,10945.353407266,38.0,36.0,120.09585243205518,False,False,0.09585243205518168,mm,0.01,0.0025,0.005
355,2026-09-12T13:43:25.399939+00:00,10945.353442002,39.0,36.0,120.10230285403608,False,False,0.10230285403608264,mm,0.01,0.0025,0.005
356,2026-09-12T13:43:25.399974+00:00,10945.353477171,40.0,36.0,120.11056133938519,False,False,0.11056133938518542,mm,0.01,0.0025,0.005
357,2026-09-12T13:43:25.400009+00:00,10945.353512131,20.0,37.0,120.02952794885128,False,False,0.02952794885128185,mm,0.01,0.0025,0.005
358,2026-09-12T13:43:25.400043+00:00,10945.353546387,21.0,37.0,120.02844261735606,False,False,0.028442617356063238,mm,0.01,0.0025,0.005
359,2026-09-12T13:43:25.400078+00:00,10945.353580931,22.0,37.0,120.02820303972753,False,False,0.028203039727529244,mm,0.01,0.0025,0.005
360,2026-09-12T13:43:25.400111+00:00,10945.353614564,23.0,37.0,120.02835485269796,False,False,0.028354852697958677,mm,0.01,0.0025,0.005
361,2026-09-12T13:43:25.400146+00:00,10945.353649012,24.0,37.0,120.0284680773517,False,False,0.02846807735170387,mm,0.01,0.0025,0.005
362,2026-09-12T13:43:25.400181+00:00,10945.353684036,25.0,37.0,120.02935494568756,False,False,0.029354945687558143,mm,0.01,0.0025,0.005
363,2026-09-12T13:43:25.400216+00:00,10945.353719589,26.0,37.0,120.03076942106748,False,False,0.030769421067475378,mm,0.01,0.0025,0.005
364,2026-09-12T13:43:25.400251+00:00,10945.353753893,27.0,37.0,120.03210404622989,False,False,0.032104046229889605,mm,0.01,0.0025,0.005
365,2026-09-12T13:43:25.400285+00:00,10945.353787861,28.0,37.0,120.03411044064829,False,False,0.034110440648291274,mm,0.01,0.0025,0.005
366,2026-09-12T13:43:25.400319+00:00,10945.353822518,29.0,37.0,120.03677049345191,False,False,0.03677049345191108,mm,0.01,0.0025,0.005
367,2026-09-12T13:43:25.400353+00:00,10945.353856342,30.0,37.0,120.05934765873039,False,False,0.059347658730388275,mm,0.01,0.0025,0.005
368,2026-09-12T13:43:25.400387+00:00,10945.353890486,31.0,37.0,120.06247306985564,False,False,0.06247306985564194,mm,0.01,0.0025,0.005
369,2026-09-12T13:43:25.400421+00:00,10945.353923975,32.0,37.0,120.0663579844257,False,False,0.06635798442569296,mm,0.01,0.0025,0.005
370,2026-09-12T13:43:25.400456+00:00,10945.353959127,33.0,37.0,120.07019544070641,False,False,0.07019544070641359,mm,0.01,0.0025,0.005
371,2026-09-12T13:43:25.400490+00:00,10945.353993703,34.0,37.0,120.07444581024552,False,False,0.07444581024552122,mm,0.01,0.0025,0.005
372,2026-09-12T13:43:25.400530+00:00,10945.354032856,35.0,37.0,120.07953289045071,False,False,0.07953289045070733,mm,0.01,0.0025,0.005
373,2026-09-12T13:43:25.400565+00:00,10945.354068152,36.0,37.0,120.08464358587315,False,False,0.08464358587315246,mm,0.01,0.0025,0.005
374,2026-09-12T13:43:25.400599+00:00,10945.354102296,37.0,37.0,120.09003083330283,False,False,0.09003083330283346,mm,0.01,0.0025,0.005
375,2026-09-12T13:43:25.400644+00:00,10945.354147289,38.0,37.0,120.0962972104986,False,False,0.09629721049860507,mm,0.01,0.0025,0.005
376,2026-09-12T13:43:25.400679+00:00,10945.354182265,39.0,37.0,120.10268825901422,False,False,0.10268825901421508,mm,0.01,0.0025,0.005
377,2026-09-12T13:43:25.400714+00:00,10945.354217305,40.0,37.0,120.10922933208228,False,False,0.10922933208227903,mm,0.01,0.0025,0.005
378,2026-09-12T13:43:25.400749+00:00,10945.354252458,20.0,38.0,120.0300142201234,False,False,0.030014220123405266,mm,0.01,0.0025,0.005
379,2026-09-12T13:43:25.400784+00:00,10945.354287178,21.0,38.0,120.02784448257242,False,False,0.027844482572419338,mm,0.01,0.0025,0.005
380,2026-09-12T13:43:25.400818+00:00,10945.35432145,22.0,38.0,120.02821459225149,False,False,0.028214592251487147,mm,0.01,0.0025,0.005
381,2026-09-12T13:43:25.400852+00:00,10945.354355578,23.0,38.0,120.028943372389,False,False,0.02894337238899425,mm,0.01,0.0025,0.005
382,2026-09-12T13:43:25.400895+00:00,10945.354397995,24.0,38.0,120.0279667036124,False,False,0.027966703612406718,mm,0.01,0.0025,0.005
383,2026-09-12T13:43:25.400929+00:00,10945.354431803,25.0,38.0,120.0291837161876,False,False,0.02918371618760318,mm,0.01,0.0025,0.005
384,2026-09-12T13:43:25.400964+00:00,10945.354467339,26.0,38.0,120.03141330803625,False,False,0.03141330803624953,mm,0.01,0.0025,0.005
385,2026-09-12T13:43:25.400999+00:00,10945.354502172,27.0,38.0,120.03173937267955,False,False,0.03173937267955296,mm,0.01,0.0025,0.005
386,2026-09-12T13:43:25.401033+00:00,10945.3545367,28.0,38.0,120.03377006916821,False,False,0.03377006916821301,mm,0.01,0.0025,0.005
387,2026-09-12T13:43:25.401068+00:00,10945.354570972,29.0,38.0,120.03741845603162,False,False,0.03741845603161664,mm,0.01,0.0025,0.005
388,2026-09-12T13:43:25.401102+00:00,10945.354605661,30.0,38.0,120.05914873505498,False,False,0.05914873505497553,mm,0.01,0.0025,0.005
389,2026-09-12T13:43:25.401137+00:00,10945.354640173,31.0,38.0,120.0619906701924,False,False,0.0619906701924009,mm,0.01,0.0025,0.005
390,2026-09-12T13:43:25.401171+00:00,10945.354674461,32.0,38.0,120.06695840628872,False,False,0.06695840628871963,mm,0.01,0.0025,0.005
391,2026-09-12T13:43:25.401214+00:00,10945.354716878,33.0,38.0,120.07017811305187,False,False,0.07017811305186683,mm,0.01,0.0025,0.005
392,2026-09-12T13:43:25.401248+00:00,10945.35475115,34.0,38.0,120.07385981007974,False,False,0.07385981007973896,mm,0.01,0.0025,0.005
393,2026-09-12T13:43:25.401284+00:00,10945.35478699,35.0,38.0,120.08003794233566,False,False,0.08003794233566452,mm,0.01,0.0025,0.005
394,2026-09-12T13:43:25.401318+00:00,10945.354821695,36.0,38.0,120.08480923455049,False,False,0.08480923455049094,mm,0.01,0.0025,0.005
395,2026-09-12T13:43:25.401354+00:00,10945.354856943,37.0,38.0,120.08938791307177,False,False,0.08938791307177496,mm,0.01,0.0025,0.005
396,2026-09-12T13:43:25.401389+00:00,10945.354891855,38.0,38.0,120.34666666026187,False,False,0.3466666602618744,mm,0.01,0.0025,0.005
397,2026-09-12T13:43:25.401423+00:00,10945.354926544,39.0,38.0,120.10302368854478,False,False,0.10302368854478061,mm,0.01,0.0025,0.005
398,2026-09-12T13:43:25.401458+00:00,10945.3549616,40.0,38.0,120.10858070644294,False,False,0.10858070644293605,mm,0.01,0.0025,0.005
399,2026-09-12T13:43:25.401494+00:00,10945.354997312,20.0,39.0,120.02896083962612,False,False,0.028960839626122947,mm,0.01,0.0025,0.005
400,2026-09-12T13:43:25.401532+00:00,10945.355035345,21.0,39.0,120.02958619501882,False,False,0.029586195018822536,mm,0.01,0.0025,0.005
401,2026-09-12T13:43:25.401567+00:00,10945.355070225,22.0,39.0,120.02838481523389,False,False,0.028384815233891914,mm,0.01,0.0025,0.005
402,2026-09-12T13:43:25.401601+00:00,10945.355104225,23.0,39.0,120.02762644316593,False,False,0.02762644316592855,mm,0.01,0.0025,0.005
403,2026-09-12T13:43:25.401635+00:00,10945.355138642,24.0,39.0,120.02945901122489,False,False,0.029459011224886922,mm,0.01,0.0025,0.005
404,2026-09-12T13:43:25.401670+00:00,10945.35517333,25.0,39.0,120.02982506596109,False,False,0.029825065961091468,mm,0.01,0.0025,0.005
405,2026-09-12T13:43:25.401705+00:00,10945.355208274,26.0,39.0,120.02995366779966,False,False,0.02995366779965991,mm,0.01,0.0025,0.005
406,2026-09-12T13:43:25.401740+00:00,10945.355243091,27.0,39.0,120.03287933097458,False,False,0.03287933097458051,mm,0.01,0.0025,0.005
407,2026-09-12T13:43:25.401774+00:00,10945.355277523,28.0,39.0,120.03484738806287,False,False,0.03484738806287169,mm,0.01,0.0025,0.005
408,2026-09-12T13:43:25.401808+00:00,10945.355311379,29.0,39.0,120.03594831077127,False,False,0.035948310771274805,mm,0.01,0.0025,0.005
409,2026-09-12T13:43:25.401844+00:00,10945.355347091,30.0,39.0,120.05986146749363,False,False,0.05986146749363286,mm,0.01,0.0025,0.005
410,2026-09-12T13:43:25.401878+00:00,10945.355381444,31.0,39.0,120.06343407148805,False,False,0.06343407148804658,mm,0.01,0.0025,0.005
411,2026-09-12T13:43:25.401913+00:00,10945.355416068,32.0,39.0,120.06561079881857,False,False,0.06561079881856813,mm,0.01,0.0025,0.005
412,2026-09-12T13:43:25.401947+00:00,10945.355450196,33.0,39.0,120.07042277566205,False,False,0.07042277566205257,mm,0.01,0.0025,0.005
413,2026-09-12T13:43:25.401981+00:00,10945.355484565,34.0,39.0,120.075570245142,False,False,0.0755702451420035,mm,0.01,0.0025,0.005
414,2026-09-12T13:43:25.402016+00:00,10945.355519029,35.0,39.0,120.07893615417953,False,False,0.07893615417953015,mm,0.01,0.0025,0.005
415,2026-09-12T13:43:25.402050+00:00,10945.355553269,36.0,39.0,120.08458226953428,False,False,0.08458226953428039,mm,0.01,0.0025,0.005
416,2026-09-12T13:43:25.402084+00:00,10945.355587222,37.0,39.0,120.09124506150953,False,False,0.09124506150952527,mm,0.01,0.0025,0.005
417,2026-09-12T13:43:25.402118+00:00,10945.355620998,38.0,39.0,120.09591439111796,False,False,0.09591439111795808,mm,0.01,0.0025,0.005
418,2026-09-12T13:43:25.402153+00:00,10945.355656278,39.0,39.0,120.10235910769059,False,False,0.10235910769058876,mm,0.01,0.0025,0.005
419,2026-09-12T13:43:25.402187+00:00,10945.355689975,40.0,39.0,120.11045256076167,False,False,0.1104525607616722,mm,0.01,0.0025,0.005
420,2026-09-12T13:43:25.402222+00:00,10945.355724759,20.0,40.0,120.02991774901187,False,False,0.029917749011872274,mm,0.01,0.0025,0.005
421,2026-09-12T13:43:25.402255+00:00,10945.355758695,21.0,40.0,120.02930117228759,False,False,0.029301172287588884,mm,0.01,0.0025,0.005
422,2026-09-12T13:43:25.402289+00:00,10945.355792104,22.0,40.0,120.02879804593327,False,False,0.02879804593327151,mm,0.01,0.0025,0.005
423,2026-09-12T13:43:25.402324+00:00,10945.3558274,23.0,40.0,120.02870045406978,False,False,0.028700454069777948,mm,0.01,0.0025,0.005
424,2026-09-12T13:43:25.402358+00:00,10945.355861432,24.0,40.0,120.02928480551464,False,False,0.02928480551463508,mm,0.01,0.0025,0.005
425,2026-09-12T13:43:25.402392+00:00,10945.355895289,25.0,40.0,120.03002896283695,False,False,0.030028962836951223,mm,0.01,0.0025,0.005
426,2026-09-12T13:43:25.402426+00:00,10945.355928761,26.0,40.0,120.03109108889942,False,False,0.03109108889941581,mm,0.01,0.0025,0.005
427,2026-09-12T13:43:25.402461+00:00,10945.355963913,27.0,40.0,120.03286168318299,False,False,0.03286168318298621,mm,0.01,0.0025,0.005
428,2026-09-12T13:43:25.402496+00:00,10945.355998793,28.0,40.0,120.03485757257764,False,False,0.034857572577635665,mm,0.01,0.0025,0.005
429,2026-09-12T13:43:25.402531+00:00,10945.356033818,29.0,40.0,120.0370903995249,False,False,0.03709039952489945,mm,0.01,0.0025,0.005
430,2026-09-12T13:43:25.402566+00:00,10945.35606937,30.0,40.0,120.06003364720435,False,False,0.06003364720434945,mm,0.01,0.0025,0.005
431,2026-09-12T13:43:25.402601+00:00,10945.356103882,31.0,40.0,120.06328159611981,False,False,0.06328159611980766,mm,0.01,0.0025,0.005
432,2026-09-12T13:43:25.402635+00:00,10945.356138443,32.0,40.0,120.06669844086139,False,False,0.0666984408613871,mm,0.01,0.0025,0.005
433,2026-09-12T13:43:25.402670+00:00,10945.356173051,33.0,40.0,120.07080293090871,False,False,0.07080293090871237,mm,0.01,0.0025,0.005
434,2026-09-12T13:43:25.402704+00:00,10945.356207131,34.0,40.0,120.07529911976184,False,False,0.07529911976183712,mm,0.01,0.0025,0.005
435,2026-09-12T13:43:25.402738+00:00,10945.356241436,35.0,40.0,120.07991457234063,False,False,0.07991457234062693,mm,0.01,0.0025,0.005
436,2026-09-12T13:43:25.402774+00:00,10945.356276956,36.0,40.0,120.08517198113856,False,False,0.08517198113855784,mm,0.01,0.0025,0.005
437,2026-09-12T13:43:25.402808+00:00,10945.356311244,37.0,40.0,120.09090874758047,False,False,0.09090874758047107,mm,0.01,0.0025,0.005
438,2026-09-12T13:43:25.402842+00:00,10945.356345469,38.0,40.0,120.09673750893825,False,False,0.09673750893824717,mm,0.01,0.0025,0.005
439,2026-09-12T13:43:25.402876+00:00,10945.356379485,39.0,40.0,120.10314326333486,False,False,0.10314326333485724,mm,0.01,0.0025,0.005
440,2026-09-12T13:43:25.402910+00:00,10945.356413309,40.0,40.0,120.1101097126292,False,False,0.11010971262919611,mm,0.01,0.0025,0.005
